partner_id,city,vehicle_type,joining_date
D00001,Hyderabad,Bike,2024-05-28
D00002,Delhi,Bike,2024-04-19
D00003,Hyderabad,Bike,2024-01-15
D00004,Pune,Scooter,2024-01-22
D00005,Hyderabad,Bike,2025-03-29
D00006,Hyderabad,Bike,2025-06-05
D00007,Bangalore,Bicycle,2024-08-10
D00008,Pune,Scooter,2025-02-14
D00009,Ahmedabad,Scooter,2024-06-06
D00010,Hyderabad,Bicycle,2025-06-19
D00011,Chennai,Bike,2025-06-25
D00012,Hyderabad,Bike,2025-06-23
D00013,Pune,Bicycle,2025-01-25
D00014,Delhi,Bicycle,2025-10-05
D00015,Ahmedabad,Bike,2024-03-04
D00016,Delhi,Bike,2024-11-12
D00017,Bangalore,Bike,2024-02-18
D00018,Bangalore,Bike,2025-09-22
D00019,Hyderabad,Bike,2024-02-26
D00020,Pune,Bike,2024-11-28
D00021,Pune,Scooter,2024-05-21
D00022,Bangalore,Bike,2025-06-23
D00023,Pune,Scooter,2024-11-02
D00024,Bangalore,Scooter,2025-02-23
D00025,Chennai,Bike,2026-01-03
D00026,Delhi,Scooter,2025-12-03
D00027,Mumbai,Scooter,2024-11-22
D00028,Mumbai,Scooter,2024-10-09
D00029,Mumbai,Scooter,2024-08-15
D00030,Chennai,Scooter,2025-06-09
D00031,Ahmedabad,Scooter,2026-01-27
D00032,Hyderabad,Scooter,2025-03-31
D00033,Mumbai,Bike,2025-03-06
D00034,Delhi,Scooter,2026-01-30
D00035,Pune,Scooter,2024-05-24
D00036,Mumbai,Bicycle,2024-02-28
D00037,Chennai,Bike,2024-03-13
D00038,Hyderabad,Bike,2025-03-31
D00039,Mumbai,Bike,2025-11-14
D00040,Ahmedabad,Bike,2024-06-26
D00041,Bangalore,Bike,2025-07-05
D00042,Pune,Scooter,2025-11-04
D00043,Mumbai,Bicycle,2025-11-29
D00044,Bangalore,Bike,2025-08-28
D00045,Bangalore,Bicycle,2024-10-06
D00046,Pune,Scooter,2025-05-19
D00047,Bangalore,Bike,2025-02-26
D00048,Kolkata,Bike,2025-01-01
D00049,Delhi,Bicycle,2025-06-23
D00050,Mumbai,Scooter,2025-06-03
D00051,Pune,Bike,2025-09-08
D00052,Delhi,Scooter,2025-02-26
D00053,Bangalore,Bike,2025-05-16
D00054,Mumbai,Scooter,2024-08-06
D00055,Hyderabad,Bike,2024-12-26
D00056,Mumbai,Bike,2025-09-16
D00057,Mumbai,Bike,2025-08-10
D00058,Pune,Bike,2025-01-25
D00059,Kolkata,Bike,2025-03-07
D00060,Mumbai,Scooter,2024-07-14
D00061,Chennai,Scooter,2024-10-18
D00062,Bangalore,Scooter,2025-05-21
D00063,Hyderabad,Bicycle,2024-03-29
D00064,Mumbai,Scooter,2024-01-15
D00065,Mumbai,Bike,2025-04-02
D00066,Bangalore,Bike,2025-07-02
D00067,Bangalore,Scooter,2026-01-17
D00068,Delhi,Scooter,2024-12-24
D00069,Delhi,Bicycle,2024-04-03
D00070,Mumbai,Bike,2025-04-28
D00071,Mumbai,Bike,2024-08-22
D00072,Delhi,Scooter,2024-04-29
D00073,Pune,Scooter,2025-04-18
D00074,Mumbai,Bike,2025-07-01
D00075,Bangalore,Bike,2024-02-11
D00076,Delhi,Scooter,2025-07-05
D00077,Hyderabad,Bike,2025-03-13
D00078,Hyderabad,Scooter,2025-07-19
D00079,Chennai,Bicycle,2025-04-25
D00080,Delhi,Bike,2024-12-22
D00081,Hyderabad,Bike,2024-09-11
D00082,Mumbai,Bicycle,2025-05-03
D00083,Kolkata,Bike,2024-06-01
D00084,Chennai,Bike,2025-02-22
D00085,Bangalore,Bike,2025-07-27
D00086,Ahmedabad,Scooter,2024-06-26
D00087,Mumbai,Bike,2024-03-06
D00088,Ahmedabad,Scooter,2024-01-18
D00089,Delhi,Bike,2025-02-26
D00090,Mumbai,Bike,2024-11-11
D00091,Hyderabad,Bike,2025-05-13
D00092,Bangalore,Bike,2025-09-12
D00093,Pune,Scooter,2026-01-15
D00094,Bangalore,Bike,2024-09-02
D00095,Bangalore,Scooter,2024-03-26
D00096,Delhi,Bike,2025-07-24
D00097,Ahmedabad,Bike,2024-01-15
D00098,Ahmedabad,Bike,2025-05-02
D00099,Hyderabad,Scooter,2024-07-28
D00100,Hyderabad,Scooter,2024-09-26
D00101,Delhi,Scooter,2024-04-04
D00102,Mumbai,Bike,2024-01-01
D00103,Ahmedabad,Bicycle,2024-05-27
D00104,Chennai,Scooter,2024-11-24
D00105,Pune,Bicycle,2024-08-11
D00106,Delhi,Bike,2024-10-26
D00107,Chennai,Bike,2024-03-26
D00108,Ahmedabad,Scooter,2024-04-15
D00109,Ahmedabad,Bike,2025-07-23
D00110,Hyderabad,Scooter,2025-09-15
D00111,Bangalore,Bike,2025-07-17
D00112,Ahmedabad,Scooter,2025-12-29
D00113,Hyderabad,Bike,2025-07-11
D00114,Bangalore,Bike,2024-04-02
D00115,Bangalore,Bike,2025-07-15
D00116,Hyderabad,Bicycle,2024-06-24
D00117,Kolkata,Bike,2025-08-15
D00118,Ahmedabad,Scooter,2025-04-26
D00119,Ahmedabad,Bike,2025-10-07
D00120,Hyderabad,Bike,2025-12-25
D00121,Ahmedabad,Bike,2025-06-08
D00122,Bangalore,Bike,2025-12-12
D00123,Bangalore,Bike,2025-02-15
D00124,Bangalore,Bike,2025-12-10
D00125,Chennai,Scooter,2024-03-08
D00126,Ahmedabad,Scooter,2024-12-01
D00127,Kolkata,Scooter,2025-08-04
D00128,Ahmedabad,Bike,2026-01-21
D00129,Hyderabad,Bike,2025-10-24
D00130,Chennai,Bike,2024-10-04
D00131,Delhi,Bike,2025-04-23
D00132,Chennai,Scooter,2024-03-07
D00133,Chennai,Bike,2024-03-29
D00134,Mumbai,Bike,2025-06-20
D00135,Bangalore,Scooter,2024-08-26
D00136,Delhi,Bike,2025-02-27
D00137,Kolkata,Bike,2024-06-06
D00138,Hyderabad,Bicycle,2025-09-01
D00139,Mumbai,Bike,2024-03-06
D00140,Ahmedabad,Scooter,2025-04-18
D00141,Mumbai,Bike,2025-05-30
D00142,Delhi,Bicycle,2025-09-17
D00143,Chennai,Scooter,2024-07-13
D00144,Mumbai,Bike,2024-09-19
D00145,Mumbai,Bicycle,2025-02-27
D00146,Chennai,Bike,2024-08-07
D00147,Mumbai,Scooter,2025-07-15
D00148,Delhi,Scooter,2025-07-31
D00149,Bangalore,Bike,2025-07-29
D00150,Kolkata,Bike,2025-01-14
D00151,Hyderabad,Bike,2025-04-23
D00152,Kolkata,Scooter,2024-05-16
D00153,Pune,Scooter,2024-05-30
D00154,Delhi,Bike,2024-10-12
D00155,Mumbai,Scooter,2024-06-06
D00156,Mumbai,Bicycle,2025-09-02
D00157,Chennai,Bike,2024-07-15
D00158,Hyderabad,Scooter,2025-12-05
D00159,Pune,Bike,2024-11-09
D00160,Chennai,Bicycle,2025-08-02
D00161,Delhi,Scooter,2024-02-28
D00162,Kolkata,Bicycle,2025-07-01
D00163,Mumbai,Scooter,2024-12-13
D00164,Pune,Bike,2025-09-10
D00165,Delhi,Bike,2024-05-17
D00166,Delhi,Bike,2024-06-01
D00167,Chennai,Bike,2025-10-19
D00168,Mumbai,Scooter,2025-03-17
D00169,Kolkata,Bike,2025-03-04
D00170,Pune,Scooter,2025-03-28
D00171,Pune,Scooter,2024-09-29
D00172,Mumbai,Bike,2025-12-21
D00173,Kolkata,Scooter,2025-02-26
D00174,Ahmedabad,Bike,2024-01-12
D00175,Delhi,Bike,2024-08-06
D00176,Hyderabad,Bike,2026-01-09
D00177,Kolkata,Bike,2025-01-05
D00178,Bangalore,Bike,2025-07-07
D00179,Delhi,Bike,2024-01-15
D00180,Ahmedabad,Bike,2024-01-18
D00181,Hyderabad,Bike,2024-06-04
D00182,Ahmedabad,Bike,2025-01-30
D00183,Mumbai,Scooter,2025-04-09
D00184,Hyderabad,Bike,2024-02-23
D00185,Mumbai,Bike,2025-11-29
D00186,Mumbai,Bike,2025-04-04
D00187,Ahmedabad,Bike,2024-09-24
D00188,Pune,Bike,2024-12-10
D00189,Ahmedabad,Bike,2025-01-20
D00190,Delhi,Scooter,2025-08-11
D00191,Ahmedabad,Scooter,2024-03-11
D00192,Pune,Bicycle,2025-03-17
D00193,Bangalore,Bicycle,2025-02-02
D00194,Mumbai,Bike,2025-08-22
D00195,Delhi,Bike,2024-10-01
D00196,Delhi,Bike,2024-10-08
D00197,Ahmedabad,Scooter,2025-09-07
D00198,Ahmedabad,Scooter,2025-10-14
D00199,Bangalore,Bike,2025-09-19
D00200,Bangalore,Bicycle,2025-10-22
D00201,Delhi,Bike,2024-03-19
D00202,Kolkata,Bicycle,2025-05-14
D00203,Pune,Bicycle,2025-06-08
D00204,Hyderabad,Bike,2024-07-19
D00205,Hyderabad,Bike,2024-12-11
D00206,Ahmedabad,Bike,2026-01-25
D00207,Delhi,Bike,2024-04-16
D00208,Bangalore,Scooter,2025-09-15
D00209,Hyderabad,Bicycle,2024-08-30
D00210,Ahmedabad,Bike,2025-10-10
D00211,Pune,Bike,2025-02-11
D00212,Kolkata,Scooter,2024-01-09
D00213,Kolkata,Scooter,2024-03-24
D00214,Delhi,Scooter,2025-09-21
D00215,Pune,Bike,2025-08-26
D00216,Kolkata,Bike,2024-06-14
D00217,Bangalore,Bike,2025-05-03
D00218,Pune,Bike,2025-01-22
D00219,Delhi,Bike,2024-02-11
D00220,Kolkata,Bike,2025-06-20
D00221,Delhi,Bike,2024-05-01
D00222,Mumbai,Scooter,2024-11-08
D00223,Pune,Bike,2024-01-07
D00224,Hyderabad,Scooter,2024-07-04
D00225,Bangalore,Bike,2025-12-14
D00226,Delhi,Scooter,2025-01-16
D00227,Kolkata,Bike,2025-07-05
D00228,Ahmedabad,Scooter,2024-08-16
D00229,Pune,Bike,2024-02-03
D00230,Bangalore,Bike,2025-04-13
D00231,Chennai,Bicycle,2024-07-02
D00232,Pune,Bike,2024-03-24
D00233,Mumbai,Scooter,2025-01-11
D00234,Delhi,Scooter,2024-11-07
D00235,Bangalore,Bike,2024-03-29
D00236,Bangalore,Bike,2025-03-26
D00237,Pune,Scooter,2024-12-05
D00238,Delhi,Bicycle,2026-01-24
D00239,Hyderabad,Bike,2024-03-08
D00240,Hyderabad,Scooter,2025-01-12
D00241,Hyderabad,Scooter,2025-08-27
D00242,Hyderabad,Scooter,2024-11-20
D00243,Hyderabad,Scooter,2024-06-08
D00244,Bangalore,Bike,2026-01-23
D00245,Bangalore,Bike,2024-09-04
D00246,Hyderabad,Bicycle,2025-12-06
D00247,Mumbai,Scooter,2025-10-02
D00248,Mumbai,Bike,2025-05-27
D00249,Mumbai,Scooter,2025-08-12
D00250,Bangalore,Bike,2025-02-19
D00251,Bangalore,Bike,2025-05-24
D00252,Pune,Bike,2024-07-25
D00253,Hyderabad,Bike,2024-02-12
D00254,Hyderabad,Bike,2025-04-20
D00255,Bangalore,Bike,2025-09-04
D00256,Chennai,Scooter,2025-09-27
D00257,Mumbai,Scooter,2025-08-03
D00258,Pune,Bike,2026-01-17
D00259,Mumbai,Bike,2025-03-29
D00260,Mumbai,Bicycle,2024-05-10
D00261,Chennai,Bike,2024-06-05
D00262,Bangalore,Bike,2024-07-27
D00263,Bangalore,Bike,2026-01-13
D00264,Bangalore,Bicycle,2025-11-04
D00265,Ahmedabad,Bike,2025-07-06
D00266,Ahmedabad,Bicycle,2025-10-18
D00267,Pune,Bicycle,2024-09-17
D00268,Mumbai,Bicycle,2025-06-30
D00269,Bangalore,Scooter,2024-05-07
D00270,Kolkata,Scooter,2024-03-20
D00271,Delhi,Bicycle,2025-05-04
D00272,Delhi,Bike,2025-06-22
D00273,Kolkata,Scooter,2025-03-29
D00274,Delhi,Bike,2024-12-23
D00275,Kolkata,Bike,2025-04-06
D00276,Chennai,Bike,2024-10-09
D00277,Kolkata,Bicycle,2024-08-11
D00278,Pune,Bike,2024-07-10
D00279,Mumbai,Scooter,2024-10-04
D00280,Pune,Scooter,2024-08-30
D00281,Kolkata,Scooter,2024-04-30
D00282,Chennai,Bike,2025-02-12
D00283,Kolkata,Scooter,2024-11-09
D00284,Ahmedabad,Scooter,2024-05-03
D00285,Pune,Bicycle,2025-11-21
D00286,Ahmedabad,Bicycle,2025-01-23
D00287,Delhi,Bike,2024-04-18
D00288,Ahmedabad,Bike,2024-02-06
D00289,Ahmedabad,Scooter,2024-03-06
D00290,Bangalore,Bike,2024-11-08
D00291,Hyderabad,Scooter,2024-07-03
D00292,Hyderabad,Scooter,2026-01-01
D00293,Chennai,Bike,2024-12-23
D00294,Bangalore,Scooter,2025-07-17
D00295,Hyderabad,Bike,2024-07-05
D00296,Hyderabad,Bicycle,2024-02-22
D00297,Mumbai,Bike,2024-09-12
D00298,Ahmedabad,Scooter,2025-06-08
D00299,Hyderabad,Bike,2025-08-05
D00300,Mumbai,Bike,2024-05-29
D00301,Kolkata,Bike,2024-08-13
D00302,Bangalore,Scooter,2024-12-27
D00303,Delhi,Bicycle,2024-09-21
D00304,Delhi,Scooter,2024-08-12
D00305,Ahmedabad,Scooter,2026-01-19
D00306,Kolkata,Bike,2025-12-12
D00307,Hyderabad,Bicycle,2024-09-28
D00308,Delhi,Bike,2024-02-11
D00309,Mumbai,Scooter,2024-09-30
D00310,Hyderabad,Bike,2025-11-02
D00311,Hyderabad,Scooter,2025-11-16
D00312,Delhi,Bike,2025-06-18
D00313,Bangalore,Bike,2025-05-29
D00314,Kolkata,Bike,2024-10-03
D00315,Pune,Scooter,2024-12-01
D00316,Bangalore,Bike,2025-11-01
D00317,Ahmedabad,Bicycle,2024-06-13
D00318,Mumbai,Scooter,2024-11-05
D00319,Chennai,Bicycle,2025-10-30
D00320,Bangalore,Bike,2025-06-16
D00321,Ahmedabad,Scooter,2024-03-24
D00322,Bangalore,Bike,2025-08-23
D00323,Ahmedabad,Bicycle,2024-02-21
D00324,Chennai,Bike,2024-08-06
D00325,Delhi,Bike,2025-12-01
D00326,Delhi,Bike,2024-02-25
D00327,Kolkata,Bike,2024-05-22
D00328,Bangalore,Scooter,2025-10-23
D00329,Bangalore,Bike,2025-05-25
D00330,Pune,Scooter,2024-06-25
D00331,Bangalore,Bike,2024-09-19
D00332,Hyderabad,Bike,2025-12-11
D00333,Hyderabad,Bicycle,2025-04-06
D00334,Bangalore,Scooter,2024-08-28
D00335,Mumbai,Bicycle,2024-04-20
D00336,Bangalore,Bike,2024-11-12
D00337,Ahmedabad,Scooter,2024-08-29
D00338,Delhi,Scooter,2024-11-23
D00339,Pune,Scooter,2024-02-07
D00340,Pune,Bike,2024-12-22
D00341,Chennai,Bike,2024-07-06
D00342,Delhi,Bike,2026-01-03
D00343,Delhi,Scooter,2024-07-29
D00344,Hyderabad,Scooter,2024-07-05
D00345,Pune,Scooter,2024-08-18
D00346,Chennai,Bike,2025-04-08
D00347,Bangalore,Scooter,2025-07-11
D00348,Chennai,Bike,2024-08-12
D00349,Bangalore,Scooter,2025-06-12
D00350,Hyderabad,Bike,2024-04-09
D00351,Hyderabad,Scooter,2024-05-25
D00352,Bangalore,Bike,2024-08-08
D00353,Ahmedabad,Bike,2025-06-16
D00354,Pune,Bike,2025-02-24
D00355,Delhi,Bike,2024-12-17
D00356,Bangalore,Bike,2025-04-07
D00357,Chennai,Bike,2024-05-29
D00358,Kolkata,Bike,2024-07-19
D00359,Bangalore,Bicycle,2025-06-21
D00360,Delhi,Bike,2026-01-22
D00361,Pune,Bike,2024-01-01
D00362,Mumbai,Scooter,2024-10-03
D00363,Mumbai,Scooter,2025-11-04
D00364,Mumbai,Bike,2025-09-26
D00365,Hyderabad,Scooter,2024-07-18
D00366,Delhi,Bicycle,2024-01-27
D00367,Mumbai,Bike,2025-03-08
D00368,Bangalore,Bike,2025-06-13
D00369,Bangalore,Bike,2024-07-12
D00370,Ahmedabad,Bicycle,2024-08-19
D00371,Bangalore,Bike,2025-05-28
D00372,Bangalore,Bike,2025-02-13
D00373,Kolkata,Bicycle,2024-08-03
D00374,Ahmedabad,Scooter,2025-09-29
D00375,Kolkata,Bike,2025-11-19
D00376,Bangalore,Bike,2025-07-06
D00377,Pune,Scooter,2025-12-21
D00378,Pune,Scooter,2024-10-01
D00379,Chennai,Bike,2024-03-25
D00380,Bangalore,Bike,2025-07-12
D00381,Mumbai,Bicycle,2025-03-02
D00382,Delhi,Scooter,2024-11-11
D00383,Pune,Bike,2024-07-17
D00384,Mumbai,Bicycle,2024-02-18
D00385,Hyderabad,Scooter,2024-05-10
D00386,Pune,Bicycle,2025-05-22
D00387,Kolkata,Bike,2024-06-22
D00388,Ahmedabad,Bike,2025-12-14
D00389,Pune,Scooter,2024-12-26
D00390,Bangalore,Bike,2024-03-04
D00391,Kolkata,Bike,2025-05-13
D00392,Delhi,Scooter,2025-06-07
D00393,Bangalore,Scooter,2024-05-16
D00394,Mumbai,Bike,2025-10-01
D00395,Pune,Bike,2025-07-16
D00396,Bangalore,Scooter,2025-03-30
D00397,Delhi,Scooter,2024-04-02
D00398,Bangalore,Bike,2025-01-04
D00399,Pune,Bike,2026-01-09
D00400,Pune,Bike,2024-06-29
D00401,Hyderabad,Scooter,2025-12-14
D00402,Mumbai,Scooter,2024-05-27
D00403,Kolkata,Scooter,2025-04-06
D00404,Mumbai,Scooter,2024-10-28
D00405,Mumbai,Bike,2024-02-21
D00406,Hyderabad,Bike,2025-05-03
D00407,Pune,Bike,2024-12-26
D00408,Chennai,Bike,2024-08-27
D00409,Bangalore,Bike,2024-06-26
D00410,Kolkata,Bike,2025-01-07
D00411,Mumbai,Bicycle,2024-03-21
D00412,Kolkata,Scooter,2025-04-02
D00413,Hyderabad,Scooter,2024-03-11
D00414,Mumbai,Scooter,2024-06-09
D00415,Delhi,Scooter,2025-01-23
D00416,Mumbai,Bike,2025-07-18
D00417,Hyderabad,Bike,2024-10-29
D00418,Kolkata,Scooter,2025-04-24
D00419,Kolkata,Bike,2025-12-11
D00420,Hyderabad,Bike,2025-03-26
D00421,Kolkata,Scooter,2025-07-25
D00422,Kolkata,Bike,2024-12-30
D00423,Ahmedabad,Bike,2024-07-17
D00424,Mumbai,Bicycle,2024-10-04
D00425,Delhi,Scooter,2024-09-24
D00426,Ahmedabad,Bike,2025-02-22
D00427,Hyderabad,Bike,2024-04-25
D00428,Mumbai,Bicycle,2025-08-06
D00429,Mumbai,Bicycle,2024-04-26
D00430,Bangalore,Bike,2025-06-21
D00431,Delhi,Bike,2024-12-25
D00432,Delhi,Scooter,2025-07-16
D00433,Hyderabad,Bike,2024-05-13
D00434,Hyderabad,Bike,2024-06-08
D00435,Hyderabad,Bike,2024-07-11
D00436,Bangalore,Bike,2025-08-17
D00437,Bangalore,Scooter,2024-07-21
D00438,Mumbai,Bike,2024-09-12
D00439,Delhi,Scooter,2024-04-16
D00440,Kolkata,Bike,2024-06-26
D00441,Mumbai,Bike,2025-10-14
D00442,Mumbai,Bicycle,2024-04-02
D00443,Hyderabad,Bike,2025-11-26
D00444,Pune,Bike,2025-09-24
D00445,Bangalore,Bike,2025-12-23
D00446,Chennai,Scooter,2025-04-19
D00447,Bangalore,Scooter,2025-06-05
D00448,Mumbai,Bike,2025-10-03
D00449,Mumbai,Bike,2025-06-24
D00450,Hyderabad,Scooter,2025-03-03
D00451,Pune,Scooter,2024-11-16
D00452,Chennai,Bike,2025-10-17
D00453,Hyderabad,Bike,2024-08-28
D00454,Bangalore,Scooter,2025-02-28
D00455,Pune,Bike,2024-02-15
D00456,Mumbai,Scooter,2025-05-07
D00457,Hyderabad,Bike,2024-04-10
D00458,Mumbai,Scooter,2024-02-12
D00459,Mumbai,Scooter,2024-08-13
D00460,Pune,Bicycle,2025-05-25
D00461,Hyderabad,Scooter,2025-09-19
D00462,Kolkata,Bike,2025-03-31
D00463,Chennai,Scooter,2025-05-13
D00464,Mumbai,Scooter,2024-07-03
D00465,Delhi,Bike,2024-03-22
D00466,Bangalore,Bike,2024-03-26
D00467,Delhi,Bike,2024-02-27
D00468,Delhi,Scooter,2024-09-21
D00469,Bangalore,Bike,2025-07-23
D00470,Pune,Bike,2024-02-15
D00471,Delhi,Scooter,2024-09-21
D00472,Bangalore,Bicycle,2025-04-02
D00473,Mumbai,Bike,2024-02-15
D00474,Chennai,Bike,2025-02-20
D00475,Delhi,Bicycle,2024-10-29
D00476,Kolkata,Bicycle,2025-11-30
D00477,Kolkata,Bike,2025-01-13
D00478,Kolkata,Bike,2025-01-29
D00479,Pune,Bike,2025-10-09
D00480,Chennai,Bike,2025-07-10
D00481,Mumbai,Bike,2025-02-21
D00482,Pune,Scooter,2025-05-20
D00483,Delhi,Scooter,2024-11-03
D00484,Delhi,Scooter,2025-06-17
D00485,Ahmedabad,Scooter,2024-08-23
D00486,Hyderabad,Scooter,2024-08-27
D00487,Bangalore,Bike,2025-09-23
D00488,Delhi,Bike,2024-11-12
D00489,Mumbai,Scooter,2025-02-08
D00490,Kolkata,Scooter,2024-04-01
D00491,Kolkata,Bike,2024-09-18
D00492,Bangalore,Bike,2025-05-10
D00493,Bangalore,Scooter,2025-02-08
D00494,Bangalore,Bike,2024-08-18
D00495,Pune,Scooter,2024-01-23
D00496,Hyderabad,Bike,2025-02-22
D00497,Chennai,Scooter,2024-09-22
D00498,Hyderabad,Bike,2025-12-03
D00499,Bangalore,Bike,2024-02-03
D00500,Delhi,Scooter,2025-06-04
D00501,Delhi,Bike,2024-10-18
D00502,Pune,Bike,2024-07-22
D00503,Hyderabad,Bike,2025-06-28
D00504,Ahmedabad,Bike,2025-01-27
D00505,Bangalore,Bike,2024-02-26
D00506,Ahmedabad,Bike,2025-04-03
D00507,Delhi,Bike,2024-05-16
D00508,Mumbai,Scooter,2025-10-09
D00509,Bangalore,Scooter,2024-07-02
D00510,Delhi,Bike,2025-08-27
D00511,Delhi,Scooter,2024-09-07
D00512,Delhi,Bicycle,2024-08-28
D00513,Hyderabad,Scooter,2024-01-02
D00514,Chennai,Scooter,2025-12-01
D00515,Chennai,Bike,2025-02-24
D00516,Kolkata,Bike,2024-04-22
D00517,Chennai,Bicycle,2024-01-27
D00518,Ahmedabad,Bicycle,2024-07-29
D00519,Bangalore,Bike,2025-01-10
D00520,Ahmedabad,Bike,2024-01-26
D00521,Mumbai,Bike,2024-10-02
D00522,Mumbai,Bike,2024-08-25
D00523,Hyderabad,Bicycle,2025-10-27
D00524,Bangalore,Bike,2024-11-11
D00525,Delhi,Scooter,2024-03-20
D00526,Mumbai,Scooter,2024-07-02
D00527,Chennai,Bike,2025-09-21
D00528,Kolkata,Scooter,2024-01-10
D00529,Bangalore,Bike,2024-04-11
D00530,Delhi,Bike,2024-01-09
D00531,Hyderabad,Bike,2024-02-07
D00532,Mumbai,Bike,2025-12-05
D00533,Delhi,Scooter,2026-01-24
D00534,Mumbai,Bike,2025-07-13
D00535,Pune,Scooter,2024-03-11
D00536,Delhi,Scooter,2025-06-16
D00537,Bangalore,Bicycle,2025-08-11
D00538,Bangalore,Scooter,2025-08-21
D00539,Hyderabad,Scooter,2025-07-23
D00540,Delhi,Bike,2025-06-12
D00541,Hyderabad,Bike,2024-12-03
D00542,Kolkata,Scooter,2024-02-16
D00543,Delhi,Scooter,2025-09-19
D00544,Delhi,Scooter,2025-12-06
D00545,Bangalore,Bike,2025-01-16
D00546,Ahmedabad,Bike,2024-11-22
D00547,Hyderabad,Bike,2025-11-30
D00548,Chennai,Bike,2024-12-11
D00549,Kolkata,Scooter,2024-10-09
D00550,Ahmedabad,Bike,2025-11-06
D00551,Kolkata,Bike,2025-12-07
D00552,Delhi,Bike,2024-06-04
D00553,Hyderabad,Scooter,2024-07-28
D00554,Ahmedabad,Bike,2024-08-26
D00555,Pune,Bike,2024-05-01
D00556,Chennai,Scooter,2025-10-13
D00557,Kolkata,Scooter,2026-01-12
D00558,Pune,Bike,2025-01-30
D00559,Pune,Bike,2025-06-26
D00560,Hyderabad,Bike,2024-11-16
D00561,Delhi,Scooter,2026-01-28
D00562,Delhi,Bike,2025-12-28
D00563,Pune,Scooter,2025-07-25
D00564,Ahmedabad,Bike,2025-11-08
D00565,Ahmedabad,Scooter,2024-04-12
D00566,Delhi,Scooter,2025-11-07
D00567,Kolkata,Scooter,2024-11-21
D00568,Bangalore,Bike,2024-06-10
D00569,Hyderabad,Bike,2025-12-10
D00570,Ahmedabad,Bike,2025-10-05
D00571,Ahmedabad,Bike,2024-04-12
D00572,Hyderabad,Bike,2025-05-15
D00573,Pune,Bike,2025-11-03
D00574,Mumbai,Scooter,2025-06-10
D00575,Chennai,Scooter,2025-01-02
D00576,Delhi,Scooter,2024-02-06
D00577,Bangalore,Bike,2025-01-12
D00578,Kolkata,Scooter,2025-02-27
D00579,Bangalore,Scooter,2025-10-04
D00580,Pune,Scooter,2024-06-15
D00581,Mumbai,Bike,2024-06-06
D00582,Bangalore,Scooter,2025-12-07
D00583,Bangalore,Bike,2025-09-30
D00584,Bangalore,Bike,2025-03-03
D00585,Delhi,Bike,2024-12-05
D00586,Pune,Bike,2025-04-15
D00587,Hyderabad,Bicycle,2024-04-25
D00588,Mumbai,Scooter,2024-07-04
D00589,Kolkata,Scooter,2025-02-16
D00590,Chennai,Bicycle,2024-11-17
D00591,Pune,Scooter,2024-05-15
D00592,Hyderabad,Scooter,2025-02-07
D00593,Pune,Bicycle,2025-05-12
D00594,Delhi,Bike,2025-09-10
D00595,Delhi,Bike,2025-04-25
D00596,Delhi,Bike,2025-04-11
D00597,Chennai,Scooter,2025-02-28
D00598,Mumbai,Scooter,2024-03-27
D00599,Ahmedabad,Bike,2024-10-19
D00600,Bangalore,Scooter,2024-12-09
D00601,Mumbai,Scooter,2025-02-03
D00602,Bangalore,Bike,2024-08-13
D00603,Chennai,Scooter,2025-07-20
D00604,Mumbai,Scooter,2025-02-14
D00605,Pune,Bike,2024-08-20
D00606,Hyderabad,Bike,2024-12-24
D00607,Bangalore,Scooter,2025-06-24
D00608,Chennai,Bike,2024-01-18
D00609,Kolkata,Bike,2024-09-16
D00610,Hyderabad,Scooter,2024-06-07
D00611,Delhi,Bike,2024-09-02
D00612,Chennai,Bike,2025-05-17
D00613,Pune,Scooter,2024-06-11
D00614,Ahmedabad,Scooter,2025-02-18
D00615,Bangalore,Bike,2024-10-14
D00616,Kolkata,Bike,2024-02-10
D00617,Kolkata,Bike,2025-11-05
D00618,Delhi,Bike,2025-03-31
D00619,Pune,Bicycle,2024-08-14
D00620,Delhi,Bike,2025-01-18
D00621,Delhi,Bike,2026-01-22
D00622,Pune,Scooter,2024-04-24
D00623,Bangalore,Scooter,2025-10-10
D00624,Bangalore,Scooter,2024-01-02
D00625,Pune,Bike,2025-10-20
D00626,Ahmedabad,Bike,2024-09-12
D00627,Bangalore,Bicycle,2024-08-13
D00628,Bangalore,Scooter,2025-08-17
D00629,Bangalore,Scooter,2024-05-04
D00630,Bangalore,Bike,2024-04-11
D00631,Ahmedabad,Scooter,2024-12-21
D00632,Mumbai,Bicycle,2025-12-20
D00633,Pune,Bike,2024-09-09
D00634,Mumbai,Bike,2025-02-17
D00635,Ahmedabad,Bike,2024-10-30
D00636,Mumbai,Scooter,2025-07-31
D00637,Ahmedabad,Bike,2025-11-16
D00638,Pune,Bike,2026-01-14
D00639,Ahmedabad,Scooter,2024-07-24
D00640,Hyderabad,Scooter,2024-07-19
D00641,Kolkata,Bike,2025-12-05
D00642,Delhi,Bicycle,2025-03-20
D00643,Pune,Bike,2024-09-06
D00644,Pune,Bike,2024-09-16
D00645,Hyderabad,Scooter,2024-05-14
D00646,Hyderabad,Scooter,2024-03-05
D00647,Bangalore,Scooter,2024-09-21
D00648,Kolkata,Scooter,2025-08-27
D00649,Mumbai,Scooter,2025-05-17
D00650,Bangalore,Scooter,2024-01-10
D00651,Pune,Bicycle,2024-02-04
D00652,Chennai,Bicycle,2025-10-24
D00653,Bangalore,Bike,2025-08-27
D00654,Delhi,Scooter,2025-08-28
D00655,Hyderabad,Bike,2025-10-18
D00656,Kolkata,Scooter,2025-05-01
D00657,Delhi,Bike,2024-09-14
D00658,Delhi,Bike,2025-03-26
D00659,Chennai,Bicycle,2025-05-04
D00660,Delhi,Scooter,2025-10-06
D00661,Kolkata,Bike,2025-02-09
D00662,Chennai,Bike,2024-02-12
D00663,Kolkata,Bike,2025-04-19
D00664,Mumbai,Scooter,2025-07-15
D00665,Bangalore,Bike,2025-12-21
D00666,Hyderabad,Scooter,2024-05-17
D00667,Delhi,Scooter,2025-10-17
D00668,Delhi,Scooter,2024-01-16
D00669,Mumbai,Bike,2025-07-10
D00670,Mumbai,Scooter,2024-08-25
D00671,Delhi,Scooter,2024-03-30
D00672,Delhi,Bike,2024-09-06
D00673,Delhi,Bike,2025-02-24
D00674,Pune,Scooter,2024-05-26
D00675,Delhi,Bike,2025-02-23
D00676,Pune,Bike,2025-06-25
D00677,Chennai,Bike,2025-10-29
D00678,Pune,Bike,2025-03-01
D00679,Ahmedabad,Scooter,2025-04-03
D00680,Ahmedabad,Bicycle,2025-12-02
D00681,Bangalore,Scooter,2024-01-27
D00682,Delhi,Bike,2025-08-03
D00683,Chennai,Bike,2026-01-14
D00684,Chennai,Bike,2025-09-21
D00685,Bangalore,Scooter,2025-12-04
D00686,Ahmedabad,Scooter,2025-11-18
D00687,Kolkata,Bicycle,2025-03-24
D00688,Kolkata,Bike,2025-09-06
D00689,Delhi,Bike,2024-10-04
D00690,Hyderabad,Scooter,2024-03-31
D00691,Mumbai,Bike,2024-03-05
D00692,Mumbai,Bike,2024-05-21
D00693,Delhi,Bike,2025-07-05
D00694,Bangalore,Bike,2024-11-02
D00695,Kolkata,Bike,2025-09-10
D00696,Hyderabad,Bike,2024-09-10
D00697,Hyderabad,Scooter,2025-08-25
D00698,Delhi,Scooter,2025-11-05
D00699,Ahmedabad,Bike,2024-09-06
D00700,Ahmedabad,Bike,2025-02-03
D00701,Pune,Scooter,2025-02-12
D00702,Delhi,Bicycle,2025-10-29
D00703,Delhi,Scooter,2024-10-12
D00704,Hyderabad,Bike,2024-10-22
D00705,Kolkata,Scooter,2025-08-13
D00706,Ahmedabad,Scooter,2025-11-21
D00707,Bangalore,Bike,2024-01-22
D00708,Delhi,Bike,2024-02-24
D00709,Mumbai,Bicycle,2025-12-12
D00710,Mumbai,Bicycle,2024-12-05
D00711,Pune,Bike,2025-03-02
D00712,Hyderabad,Scooter,2025-11-17
D00713,Kolkata,Bike,2024-10-29
D00714,Delhi,Scooter,2024-12-08
D00715,Mumbai,Bike,2025-10-07
D00716,Hyderabad,Bike,2025-07-12
D00717,Chennai,Bike,2025-06-12
D00718,Kolkata,Bike,2024-10-01
D00719,Kolkata,Bicycle,2025-06-18
D00720,Hyderabad,Scooter,2025-09-23
D00721,Delhi,Bike,2025-11-26
D00722,Chennai,Bike,2025-04-26
D00723,Ahmedabad,Bike,2025-10-26
D00724,Delhi,Bike,2025-09-10
D00725,Delhi,Bike,2025-07-11
D00726,Bangalore,Bike,2025-02-12
D00727,Pune,Bike,2024-11-27
D00728,Hyderabad,Bicycle,2025-04-30
D00729,Bangalore,Scooter,2025-11-05
D00730,Delhi,Bike,2025-02-06
D00731,Pune,Scooter,2025-06-17
D00732,Mumbai,Bike,2025-03-08
D00733,Delhi,Scooter,2025-05-09
D00734,Hyderabad,Bike,2025-06-09
D00735,Bangalore,Bike,2024-02-09
D00736,Bangalore,Bike,2024-04-02
D00737,Delhi,Bicycle,2024-01-30
D00738,Delhi,Scooter,2025-08-08
D00739,Bangalore,Scooter,2025-11-13
D00740,Bangalore,Scooter,2024-09-27
D00741,Bangalore,Scooter,2024-02-27
D00742,Chennai,Scooter,2024-01-10
D00743,Chennai,Bike,2024-12-05
D00744,Delhi,Bike,2025-05-05
D00745,Pune,Scooter,2024-09-10
D00746,Delhi,Bicycle,2025-04-12
D00747,Kolkata,Scooter,2024-04-26
D00748,Delhi,Bicycle,2025-07-07
D00749,Bangalore,Scooter,2024-09-08
D00750,Mumbai,Bike,2026-01-30
D00751,Bangalore,Bicycle,2025-08-09
D00752,Delhi,Scooter,2024-12-17
D00753,Delhi,Bike,2025-12-22
D00754,Pune,Scooter,2026-01-11
D00755,Bangalore,Bike,2024-05-30
D00756,Delhi,Scooter,2025-03-16
D00757,Kolkata,Bike,2025-05-13
D00758,Delhi,Bike,2024-09-29
D00759,Bangalore,Scooter,2026-01-31
D00760,Hyderabad,Bike,2025-05-31
D00761,Bangalore,Bike,2025-08-03
D00762,Chennai,Bike,2024-05-29
D00763,Delhi,Scooter,2025-11-18
D00764,Bangalore,Bike,2026-01-06
D00765,Chennai,Bike,2025-11-20
D00766,Kolkata,Bike,2024-12-02
D00767,Chennai,Bike,2025-12-12
D00768,Delhi,Scooter,2024-01-09
D00769,Hyderabad,Scooter,2024-06-04
D00770,Ahmedabad,Scooter,2025-05-14
D00771,Mumbai,Bike,2025-08-11
D00772,Ahmedabad,Scooter,2024-04-01
D00773,Pune,Bike,2024-08-11
D00774,Kolkata,Scooter,2024-03-08
D00775,Delhi,Bike,2024-03-20
D00776,Ahmedabad,Scooter,2024-01-18
D00777,Kolkata,Bicycle,2026-01-25
D00778,Chennai,Scooter,2025-11-03
D00779,Ahmedabad,Scooter,2025-04-08
D00780,Chennai,Bike,2024-01-26
D00781,Hyderabad,Bike,2025-07-10
D00782,Pune,Bike,2025-02-13
D00783,Kolkata,Bike,2025-08-14
D00784,Chennai,Scooter,2025-01-07
D00785,Hyderabad,Scooter,2024-01-07
D00786,Hyderabad,Bicycle,2025-11-25
D00787,Kolkata,Bicycle,2025-11-01
D00788,Bangalore,Bike,2025-11-25
D00789,Pune,Bicycle,2025-05-19
D00790,Hyderabad,Scooter,2025-12-02
D00791,Kolkata,Scooter,2024-02-24
D00792,Delhi,Bike,2024-10-31
D00793,Hyderabad,Bike,2024-08-31
D00794,Bangalore,Bike,2024-12-26
D00795,Pune,Bike,2024-02-01
D00796,Chennai,Bike,2025-09-21
D00797,Pune,Bike,2024-08-15
D00798,Hyderabad,Bike,2024-04-01
D00799,Mumbai,Scooter,2024-05-30
D00800,Pune,Bike,2024-03-28
D00801,Kolkata,Scooter,2025-06-06
D00802,Chennai,Bike,2025-12-03
D00803,Bangalore,Bike,2024-03-04
D00804,Hyderabad,Bike,2024-01-23
D00805,Chennai,Scooter,2025-11-01
D00806,Hyderabad,Bike,2024-10-18
D00807,Hyderabad,Scooter,2024-04-01
D00808,Ahmedabad,Bike,2024-05-28
D00809,Kolkata,Bike,2025-05-30
D00810,Bangalore,Bike,2024-03-04
D00811,Hyderabad,Bike,2024-11-02
D00812,Pune,Bicycle,2026-01-12
D00813,Kolkata,Scooter,2024-11-24
D00814,Delhi,Bike,2024-05-06
D00815,Bangalore,Scooter,2025-08-01
D00816,Hyderabad,Scooter,2024-11-25
D00817,Mumbai,Bike,2024-10-30
D00818,Delhi,Bicycle,2024-07-14
D00819,Ahmedabad,Bike,2025-07-27
D00820,Delhi,Bike,2025-01-09
D00821,Bangalore,Scooter,2025-01-03
D00822,Bangalore,Bicycle,2025-08-07
D00823,Delhi,Bike,2024-10-03
D00824,Bangalore,Bike,2025-05-17
D00825,Mumbai,Scooter,2024-05-11
D00826,Bangalore,Scooter,2025-03-11
D00827,Hyderabad,Bike,2024-11-22
D00828,Mumbai,Bicycle,2025-01-24
D00829,Hyderabad,Bike,2024-10-05
D00830,Ahmedabad,Scooter,2024-04-10
D00831,Ahmedabad,Scooter,2025-12-02
D00832,Mumbai,Bike,2024-11-02
D00833,Mumbai,Bike,2025-07-23
D00834,Pune,Bike,2025-11-20
D00835,Mumbai,Scooter,2024-12-04
D00836,Chennai,Bike,2025-09-17
D00837,Hyderabad,Scooter,2024-11-30
D00838,Delhi,Bike,2024-02-19
D00839,Mumbai,Bike,2025-11-03
D00840,Kolkata,Bike,2025-10-02
D00841,Hyderabad,Bike,2025-03-07
D00842,Pune,Bike,2025-09-22
D00843,Pune,Bicycle,2025-05-25
D00844,Hyderabad,Scooter,2025-09-03
D00845,Delhi,Bike,2024-02-13
D00846,Hyderabad,Bicycle,2025-09-12
D00847,Bangalore,Bike,2024-06-12
D00848,Hyderabad,Bicycle,2026-01-19
D00849,Bangalore,Bike,2026-01-06
D00850,Kolkata,Bike,2024-02-12
D00851,Chennai,Scooter,2025-05-11
D00852,Delhi,Bike,2024-10-19
D00853,Chennai,Scooter,2024-07-13
D00854,Chennai,Scooter,2026-01-07
D00855,Chennai,Bike,2024-11-01
D00856,Delhi,Bike,2025-02-25
D00857,Hyderabad,Bike,2024-08-26
D00858,Hyderabad,Scooter,2025-06-03
D00859,Mumbai,Bike,2024-07-11
D00860,Hyderabad,Bike,2024-10-02
D00861,Delhi,Bike,2025-06-21
D00862,Kolkata,Bike,2024-06-10
D00863,Ahmedabad,Bike,2025-08-20
D00864,Delhi,Bike,2026-01-15
D00865,Mumbai,Bike,2025-06-20
D00866,Delhi,Scooter,2024-10-02
D00867,Kolkata,Scooter,2024-05-18
D00868,Bangalore,Bike,2025-03-03
D00869,Chennai,Scooter,2024-11-29
D00870,Kolkata,Bike,2024-07-04
D00871,Delhi,Bike,2024-10-06
D00872,Chennai,Bike,2026-01-06
D00873,Mumbai,Bike,2024-05-08
D00874,Mumbai,Scooter,2024-07-15
D00875,Kolkata,Bike,2024-09-22
D00876,Mumbai,Scooter,2025-11-27
D00877,Bangalore,Bike,2024-09-30
D00878,Pune,Bike,2024-08-10
D00879,Pune,Bike,2024-08-14
D00880,Pune,Bike,2025-12-22
D00881,Mumbai,Bike,2024-09-26
D00882,Pune,Bike,2024-10-06
D00883,Delhi,Bike,2024-10-04
D00884,Mumbai,Bicycle,2025-10-26
D00885,Delhi,Scooter,2025-06-25
D00886,Pune,Scooter,2025-04-02
D00887,Chennai,Bicycle,2024-06-11
D00888,Bangalore,Bike,2024-03-27
D00889,Bangalore,Scooter,2024-03-08
D00890,Chennai,Bicycle,2024-08-13
D00891,Delhi,Bike,2025-08-26
D00892,Delhi,Scooter,2025-08-02
D00893,Hyderabad,Bike,2025-08-19
D00894,Hyderabad,Bike,2025-05-23
D00895,Bangalore,Bike,2025-01-27
D00896,Chennai,Bike,2024-09-28
D00897,Bangalore,Bike,2025-07-07
D00898,Kolkata,Scooter,2024-05-28
D00899,Chennai,Bike,2024-02-22
D00900,Bangalore,Bike,2025-09-23
D00901,Chennai,Bike,2024-12-27
D00902,Pune,Bicycle,2025-04-19
D00903,Ahmedabad,Scooter,2025-12-30
D00904,Pune,Bike,2025-06-03
D00905,Mumbai,Scooter,2025-08-05
D00906,Pune,Scooter,2024-12-31
D00907,Pune,Scooter,2024-08-30
D00908,Chennai,Scooter,2024-09-23
D00909,Mumbai,Bike,2025-11-17
D00910,Kolkata,Bike,2024-10-18
D00911,Delhi,Scooter,2025-12-12
D00912,Ahmedabad,Scooter,2024-01-24
D00913,Delhi,Bike,2024-08-11
D00914,Bangalore,Scooter,2025-12-20
D00915,Delhi,Scooter,2025-03-17
D00916,Ahmedabad,Bike,2024-10-06
D00917,Chennai,Scooter,2024-05-13
D00918,Mumbai,Bike,2025-01-03
D00919,Kolkata,Bike,2025-12-30
D00920,Delhi,Bike,2024-09-29
D00921,Delhi,Bike,2025-01-02
D00922,Bangalore,Bike,2024-09-27
D00923,Mumbai,Bike,2025-10-17
D00924,Hyderabad,Bike,2025-06-06
D00925,Bangalore,Bike,2025-04-15
D00926,Bangalore,Bike,2025-05-25
D00927,Mumbai,Bike,2024-11-09
D00928,Delhi,Bike,2025-09-09
D00929,Hyderabad,Scooter,2025-04-12
D00930,Hyderabad,Scooter,2024-02-24
D00931,Bangalore,Bike,2024-10-11
D00932,Bangalore,Scooter,2025-10-28
D00933,Pune,Bike,2024-07-13
D00934,Chennai,Bike,2025-12-29
D00935,Hyderabad,Bike,2025-09-13
D00936,Hyderabad,Scooter,2026-01-23
D00937,Ahmedabad,Scooter,2025-08-30
D00938,Chennai,Scooter,2024-04-08
D00939,Delhi,Bicycle,2024-05-25
D00940,Kolkata,Bike,2025-01-05
D00941,Hyderabad,Bicycle,2024-09-30
D00942,Hyderabad,Scooter,2025-12-16
D00943,Pune,Scooter,2025-10-08
D00944,Mumbai,Bike,2025-08-01
D00945,Kolkata,Bike,2025-12-17
D00946,Bangalore,Bike,2024-02-15
D00947,Mumbai,Bike,2025-06-18
D00948,Bangalore,Bike,2025-10-25
D00949,Pune,Bike,2026-01-13
D00950,Delhi,Bike,2025-09-30
D00951,Mumbai,Bike,2025-09-08
D00952,Kolkata,Bicycle,2025-08-17
D00953,Delhi,Bike,2024-04-07
D00954,Bangalore,Bicycle,2024-11-09
D00955,Hyderabad,Bike,2025-10-29
D00956,Mumbai,Bike,2025-04-26
D00957,Bangalore,Bike,2024-07-17
D00958,Delhi,Bike,2025-06-29
D00959,Delhi,Bike,2024-01-20
D00960,Delhi,Bike,2024-10-29
D00961,Chennai,Scooter,2025-07-28
D00962,Delhi,Bike,2025-08-20
D00963,Hyderabad,Bike,2025-01-22
D00964,Delhi,Bike,2024-07-27
D00965,Ahmedabad,Scooter,2025-01-13
D00966,Chennai,Bicycle,2024-05-19
D00967,Mumbai,Bike,2025-12-14
D00968,Chennai,Bike,2025-10-16
D00969,Delhi,Bicycle,2025-07-04
D00970,Bangalore,Bicycle,2024-09-15
D00971,Mumbai,Scooter,2024-04-19
D00972,Hyderabad,Scooter,2024-02-13
D00973,Mumbai,Bike,2024-10-19
D00974,Mumbai,Bike,2025-09-26
D00975,Pune,Bike,2024-10-08
D00976,Kolkata,Scooter,2025-08-31
D00977,Kolkata,Scooter,2024-05-14
D00978,Hyderabad,Bike,2025-09-03
D00979,Pune,Bike,2024-02-28
D00980,Hyderabad,Scooter,2024-09-16
D00981,Mumbai,Bike,2024-04-24
D00982,Chennai,Scooter,2025-04-04
D00983,Bangalore,Scooter,2024-05-23
D00984,Kolkata,Bike,2024-01-11
D00985,Delhi,Bike,2024-09-02
D00986,Delhi,Bike,2024-01-02
D00987,Delhi,Bike,2024-10-16
D00988,Chennai,Bike,2024-07-16
D00989,Delhi,Scooter,2025-12-12
D00990,Hyderabad,Bike,2025-02-04
D00991,Mumbai,Scooter,2024-12-01
D00992,Pune,Bike,2025-04-02
D00993,Hyderabad,Scooter,2024-04-14
D00994,Ahmedabad,Bike,2024-04-11
D00995,Delhi,Scooter,2024-04-27
D00996,Mumbai,Bike,2025-10-23
D00997,Delhi,Scooter,2025-07-21
D00998,Mumbai,Bike,2026-01-01
D00999,Kolkata,Bicycle,2025-09-11
D01000,Delhi,Bike,2024-03-31
D01001,Ahmedabad,Scooter,2024-05-05
D01002,Bangalore,Bike,2025-09-19
D01003,Chennai,Bike,2025-02-20
D01004,Pune,Scooter,2025-04-13
D01005,Kolkata,Bike,2024-06-27
D01006,Hyderabad,Scooter,2025-01-17
D01007,Pune,Bike,2025-11-18
D01008,Bangalore,Scooter,2025-01-07
D01009,Mumbai,Bike,2025-06-08
D01010,Chennai,Bike,2025-07-25
D01011,Bangalore,Scooter,2025-12-05
D01012,Chennai,Scooter,2024-06-08
D01013,Delhi,Scooter,2025-11-24
D01014,Mumbai,Scooter,2025-04-09
D01015,Pune,Scooter,2025-09-26
D01016,Bangalore,Scooter,2024-07-18
D01017,Pune,Bike,2024-03-30
D01018,Ahmedabad,Bike,2024-03-05
D01019,Bangalore,Scooter,2024-10-19
D01020,Delhi,Bike,2025-02-25
D01021,Bangalore,Bicycle,2024-08-07
D01022,Hyderabad,Bicycle,2024-07-23
D01023,Chennai,Scooter,2025-09-13
D01024,Ahmedabad,Bike,2025-07-19
D01025,Mumbai,Scooter,2025-04-28
D01026,Bangalore,Bike,2025-05-10
D01027,Bangalore,Bike,2025-10-06
D01028,Delhi,Scooter,2024-06-19
D01029,Hyderabad,Scooter,2025-12-17
D01030,Kolkata,Bike,2025-10-18
D01031,Delhi,Scooter,2024-09-19
D01032,Chennai,Scooter,2024-09-21
D01033,Hyderabad,Bike,2024-05-20
D01034,Kolkata,Bike,2025-06-24
D01035,Kolkata,Scooter,2024-08-19
D01036,Kolkata,Bike,2024-07-22
D01037,Mumbai,Bike,2025-05-27
D01038,Mumbai,Bike,2024-05-29
D01039,Delhi,Scooter,2024-03-27
D01040,Delhi,Scooter,2025-10-17
D01041,Pune,Scooter,2024-01-31
D01042,Ahmedabad,Scooter,2025-12-01
D01043,Hyderabad,Scooter,2025-06-04
D01044,Mumbai,Scooter,2024-09-25
D01045,Delhi,Bike,2025-03-05
D01046,Pune,Bike,2024-08-28
D01047,Delhi,Bike,2024-11-07
D01048,Bangalore,Bike,2025-06-19
D01049,Bangalore,Bike,2025-11-23
D01050,Kolkata,Bike,2024-06-22
D01051,Mumbai,Bike,2025-02-10
D01052,Ahmedabad,Bike,2025-10-20
D01053,Hyderabad,Bike,2024-01-11
D01054,Pune,Bike,2024-01-07
D01055,Kolkata,Scooter,2025-04-13
D01056,Kolkata,Scooter,2024-04-18
D01057,Bangalore,Scooter,2026-01-26
D01058,Delhi,Bike,2024-04-01
D01059,Bangalore,Scooter,2025-07-16
D01060,Mumbai,Scooter,2024-08-30
D01061,Bangalore,Bike,2025-12-05
D01062,Pune,Bike,2025-10-21
D01063,Mumbai,Bike,2025-08-31
D01064,Ahmedabad,Bike,2025-05-02
D01065,Chennai,Bike,2024-06-13
D01066,Chennai,Bike,2024-03-22
D01067,Pune,Bike,2024-07-18
D01068,Bangalore,Bike,2024-03-01
D01069,Bangalore,Bike,2025-08-21
D01070,Mumbai,Bicycle,2024-08-07
D01071,Ahmedabad,Bike,2024-12-01
D01072,Bangalore,Scooter,2025-04-17
D01073,Mumbai,Bike,2025-06-18
D01074,Chennai,Scooter,2025-03-28
D01075,Delhi,Scooter,2025-07-14
D01076,Ahmedabad,Scooter,2024-03-28
D01077,Ahmedabad,Scooter,2024-08-01
D01078,Bangalore,Scooter,2025-08-02
D01079,Pune,Scooter,2025-07-01
D01080,Bangalore,Bike,2025-04-26
D01081,Mumbai,Bike,2025-12-17
D01082,Kolkata,Scooter,2026-01-19
D01083,Bangalore,Bike,2024-03-04
D01084,Ahmedabad,Bike,2025-02-25
D01085,Ahmedabad,Bicycle,2025-11-17
D01086,Pune,Bicycle,2024-09-06
D01087,Mumbai,Bike,2024-02-14
D01088,Delhi,Bike,2024-03-31
D01089,Mumbai,Bike,2025-07-04
D01090,Bangalore,Bike,2025-12-01
D01091,Bangalore,Bicycle,2025-06-22
D01092,Bangalore,Bike,2024-01-29
D01093,Pune,Bike,2024-11-10
D01094,Bangalore,Scooter,2024-09-22
D01095,Delhi,Bike,2025-11-25
D01096,Pune,Bicycle,2025-02-08
D01097,Bangalore,Bike,2024-06-27
D01098,Delhi,Bike,2025-03-10
D01099,Bangalore,Bicycle,2025-07-24
D01100,Bangalore,Bike,2025-03-19
D01101,Delhi,Scooter,2024-11-14
D01102,Bangalore,Bike,2025-06-30
D01103,Mumbai,Scooter,2024-08-19
D01104,Bangalore,Bike,2024-04-07
D01105,Delhi,Scooter,2025-10-19
D01106,Chennai,Bicycle,2025-07-02
D01107,Pune,Bike,2025-07-11
D01108,Mumbai,Bike,2025-11-08
D01109,Ahmedabad,Scooter,2025-06-27
D01110,Chennai,Bicycle,2024-01-24
D01111,Hyderabad,Bike,2025-10-04
D01112,Mumbai,Bicycle,2024-01-28
D01113,Bangalore,Scooter,2025-06-11
D01114,Mumbai,Scooter,2026-01-25
D01115,Hyderabad,Bike,2024-11-03
D01116,Ahmedabad,Bike,2024-08-25
D01117,Ahmedabad,Scooter,2025-12-08
D01118,Bangalore,Scooter,2024-12-12
D01119,Ahmedabad,Bike,2025-12-03
D01120,Chennai,Scooter,2024-08-24
D01121,Pune,Scooter,2024-05-20
D01122,Kolkata,Bike,2025-02-28
D01123,Delhi,Scooter,2024-10-10
D01124,Mumbai,Bike,2025-06-26
D01125,Kolkata,Bike,2024-08-15
D01126,Bangalore,Bike,2025-08-02
D01127,Pune,Bike,2024-09-26
D01128,Chennai,Scooter,2024-09-27
D01129,Kolkata,Scooter,2025-06-24
D01130,Delhi,Bike,2024-07-17
D01131,Pune,Bike,2024-08-05
D01132,Bangalore,Scooter,2025-02-20
D01133,Kolkata,Bike,2024-09-09
D01134,Hyderabad,Bicycle,2024-10-19
D01135,Pune,Scooter,2024-09-15
D01136,Kolkata,Bicycle,2025-04-19
D01137,Hyderabad,Scooter,2024-09-12
D01138,Hyderabad,Bicycle,2025-04-11
D01139,Mumbai,Scooter,2024-06-27
D01140,Hyderabad,Bike,2025-11-12
D01141,Pune,Scooter,2025-12-25
D01142,Chennai,Bike,2024-01-03
D01143,Bangalore,Scooter,2024-03-20
D01144,Mumbai,Bike,2024-03-18
D01145,Mumbai,Scooter,2024-05-19
D01146,Bangalore,Scooter,2025-08-22
D01147,Chennai,Scooter,2024-07-07
D01148,Hyderabad,Bike,2025-03-20
D01149,Bangalore,Bicycle,2024-07-10
D01150,Pune,Scooter,2024-02-17
D01151,Delhi,Bike,2024-03-04
D01152,Chennai,Bike,2025-12-19
D01153,Bangalore,Bike,2025-03-01
D01154,Bangalore,Bike,2025-05-10
D01155,Bangalore,Scooter,2024-05-23
D01156,Mumbai,Bike,2025-01-05
D01157,Chennai,Bike,2025-05-16
D01158,Hyderabad,Scooter,2025-08-17
D01159,Bangalore,Bike,2025-05-15
D01160,Hyderabad,Scooter,2025-03-30
D01161,Hyderabad,Bike,2025-04-20
D01162,Chennai,Bike,2024-10-11
D01163,Delhi,Bicycle,2025-06-16
D01164,Pune,Bike,2024-08-14
D01165,Pune,Bike,2025-07-02
D01166,Pune,Bicycle,2024-12-11
D01167,Mumbai,Bike,2025-03-15
D01168,Bangalore,Scooter,2024-12-28
D01169,Delhi,Bicycle,2025-03-09
D01170,Kolkata,Bike,2025-06-26
D01171,Pune,Scooter,2024-08-02
D01172,Hyderabad,Scooter,2024-12-26
D01173,Hyderabad,Bicycle,2024-11-03
D01174,Bangalore,Scooter,2024-01-14
D01175,Mumbai,Scooter,2025-10-11
D01176,Pune,Bike,2025-06-05
D01177,Bangalore,Scooter,2024-02-04
D01178,Ahmedabad,Scooter,2024-02-23
D01179,Bangalore,Bicycle,2025-12-07
D01180,Pune,Bike,2025-10-06
D01181,Delhi,Bike,2025-07-09
D01182,Kolkata,Bicycle,2025-06-23
D01183,Kolkata,Scooter,2025-10-03
D01184,Delhi,Bike,2025-03-31
D01185,Mumbai,Bike,2024-01-05
D01186,Ahmedabad,Bicycle,2024-12-12
D01187,Hyderabad,Bicycle,2024-09-09
D01188,Bangalore,Bike,2024-05-11
D01189,Chennai,Scooter,2025-10-16
D01190,Mumbai,Bike,2025-05-14
D01191,Delhi,Bike,2025-11-18
D01192,Kolkata,Scooter,2024-03-24
D01193,Ahmedabad,Bike,2026-01-13
D01194,Bangalore,Bike,2025-04-05
D01195,Mumbai,Bike,2025-03-08
D01196,Delhi,Bike,2024-05-19
D01197,Kolkata,Bike,2025-04-20
D01198,Kolkata,Bicycle,2025-03-30
D01199,Kolkata,Bike,2025-06-18
D01200,Bangalore,Scooter,2024-04-25
D01201,Bangalore,Bike,2025-04-29
D01202,Hyderabad,Scooter,2024-03-12
D01203,Bangalore,Scooter,2024-02-24
D01204,Bangalore,Bicycle,2024-12-24
D01205,Delhi,Bike,2024-03-31
D01206,Pune,Bike,2025-06-24
D01207,Pune,Bike,2025-01-02
D01208,Chennai,Bike,2024-06-30
D01209,Bangalore,Scooter,2024-07-26
D01210,Chennai,Scooter,2025-01-14
D01211,Hyderabad,Bike,2025-03-31
D01212,Delhi,Scooter,2025-08-31
D01213,Pune,Scooter,2025-03-12
D01214,Chennai,Bike,2025-02-22
D01215,Bangalore,Scooter,2025-04-07
D01216,Chennai,Scooter,2025-03-31
D01217,Hyderabad,Bicycle,2024-09-22
D01218,Pune,Scooter,2024-06-16
D01219,Kolkata,Scooter,2025-02-04
D01220,Pune,Bike,2024-04-04
D01221,Hyderabad,Scooter,2024-07-03
D01222,Delhi,Bicycle,2024-04-23
D01223,Hyderabad,Bike,2025-01-08
D01224,Kolkata,Bike,2026-01-11
D01225,Ahmedabad,Scooter,2025-10-28
D01226,Chennai,Bike,2024-03-07
D01227,Chennai,Bike,2025-09-17
D01228,Pune,Scooter,2024-04-25
D01229,Chennai,Scooter,2025-11-24
D01230,Delhi,Bike,2024-06-05
D01231,Mumbai,Bike,2024-04-05
D01232,Hyderabad,Bike,2025-08-23
D01233,Hyderabad,Bike,2025-09-26
D01234,Hyderabad,Bike,2024-10-30
D01235,Ahmedabad,Scooter,2025-02-20
D01236,Kolkata,Scooter,2025-08-25
D01237,Kolkata,Bicycle,2025-10-11
D01238,Kolkata,Bicycle,2024-11-15
D01239,Chennai,Bicycle,2025-08-20
D01240,Pune,Bike,2025-08-28
D01241,Delhi,Bike,2025-08-27
D01242,Kolkata,Bike,2025-11-13
D01243,Delhi,Scooter,2025-09-29
D01244,Chennai,Bicycle,2024-12-06
D01245,Bangalore,Bike,2024-08-27
D01246,Hyderabad,Bike,2026-01-21
D01247,Delhi,Bike,2024-12-06
D01248,Pune,Bike,2025-12-11
D01249,Kolkata,Scooter,2026-01-29
D01250,Bangalore,Bike,2024-01-12
D01251,Bangalore,Bike,2024-04-17
D01252,Ahmedabad,Bicycle,2025-03-05
D01253,Delhi,Bike,2024-03-07
D01254,Chennai,Bike,2025-05-15
D01255,Chennai,Scooter,2024-01-09
D01256,Chennai,Bike,2025-10-04
D01257,Bangalore,Scooter,2024-11-22
D01258,Chennai,Bike,2025-05-28
D01259,Ahmedabad,Bike,2024-12-20
D01260,Mumbai,Bike,2025-06-08
D01261,Pune,Scooter,2025-06-02
D01262,Delhi,Bike,2024-08-08
D01263,Ahmedabad,Bicycle,2025-09-01
D01264,Delhi,Bike,2025-09-17
D01265,Delhi,Scooter,2024-09-01
D01266,Bangalore,Bicycle,2024-02-18
D01267,Ahmedabad,Bike,2024-12-07
D01268,Hyderabad,Scooter,2025-05-15
D01269,Delhi,Scooter,2025-08-15
D01270,Bangalore,Scooter,2024-06-02
D01271,Kolkata,Scooter,2024-12-31
D01272,Bangalore,Bike,2025-08-06
D01273,Pune,Bicycle,2025-02-04
D01274,Pune,Scooter,2025-08-25
D01275,Chennai,Bike,2025-05-28
D01276,Pune,Bike,2024-05-13
D01277,Kolkata,Bike,2024-06-09
D01278,Bangalore,Bike,2025-08-27
D01279,Mumbai,Bike,2025-06-20
D01280,Bangalore,Scooter,2025-09-30
D01281,Mumbai,Bike,2024-08-12
D01282,Hyderabad,Bike,2024-02-10
D01283,Hyderabad,Bicycle,2024-06-30
D01284,Ahmedabad,Bicycle,2024-11-23
D01285,Ahmedabad,Scooter,2024-04-02
D01286,Delhi,Bike,2024-05-26
D01287,Pune,Bicycle,2024-04-20
D01288,Pune,Bike,2024-04-06
D01289,Ahmedabad,Bike,2024-10-18
D01290,Bangalore,Bicycle,2025-09-04
D01291,Pune,Bike,2024-10-15
D01292,Mumbai,Bike,2024-08-11
D01293,Mumbai,Scooter,2025-02-21
D01294,Pune,Bike,2025-05-05
D01295,Delhi,Bike,2024-09-23
D01296,Bangalore,Scooter,2024-01-03
D01297,Chennai,Scooter,2024-08-14
D01298,Bangalore,Bicycle,2024-03-01
D01299,Delhi,Bike,2024-04-20
D01300,Hyderabad,Scooter,2025-04-10
D01301,Pune,Scooter,2024-05-16
D01302,Pune,Bike,2024-10-09
D01303,Ahmedabad,Bike,2024-10-26
D01304,Mumbai,Bike,2025-11-01
D01305,Bangalore,Bike,2024-04-27
D01306,Bangalore,Bike,2024-03-03
D01307,Hyderabad,Scooter,2025-02-11
D01308,Mumbai,Scooter,2025-04-20
D01309,Ahmedabad,Bike,2025-01-17
D01310,Hyderabad,Scooter,2025-06-19
D01311,Mumbai,Bike,2025-10-20
D01312,Kolkata,Bike,2025-04-10
D01313,Chennai,Bicycle,2025-02-13
D01314,Pune,Bike,2025-06-02
D01315,Hyderabad,Scooter,2024-06-11
D01316,Delhi,Bike,2024-07-08
D01317,Hyderabad,Bike,2024-10-09
D01318,Bangalore,Scooter,2025-08-07
D01319,Hyderabad,Bike,2025-10-11
D01320,Kolkata,Bike,2025-02-26
D01321,Hyderabad,Scooter,2025-04-17
D01322,Bangalore,Scooter,2025-08-23
D01323,Bangalore,Bicycle,2024-07-03
D01324,Kolkata,Bicycle,2024-04-02
D01325,Delhi,Bike,2025-07-22
D01326,Hyderabad,Bike,2024-04-06
D01327,Chennai,Scooter,2024-04-30
D01328,Delhi,Bike,2024-10-28
D01329,Chennai,Bike,2025-08-21
D01330,Bangalore,Bike,2024-10-24
D01331,Chennai,Scooter,2024-03-31
D01332,Bangalore,Bicycle,2024-04-07
D01333,Delhi,Bike,2024-07-11
D01334,Delhi,Bike,2024-03-02
D01335,Kolkata,Bicycle,2024-09-06
D01336,Hyderabad,Bike,2024-03-02
D01337,Kolkata,Bike,2025-10-06
D01338,Hyderabad,Bike,2024-02-09
D01339,Chennai,Bike,2024-05-30
D01340,Hyderabad,Bike,2024-01-26
D01341,Mumbai,Bike,2024-08-10
D01342,Pune,Bike,2025-09-07
D01343,Delhi,Scooter,2025-03-15
D01344,Ahmedabad,Bike,2025-12-13
D01345,Kolkata,Scooter,2025-04-14
D01346,Bangalore,Scooter,2024-11-20
D01347,Ahmedabad,Bike,2025-12-31
D01348,Delhi,Bicycle,2024-05-22
D01349,Pune,Bike,2024-03-26
D01350,Kolkata,Bike,2024-09-07
D01351,Delhi,Scooter,2025-12-09
D01352,Bangalore,Bike,2025-09-15
D01353,Chennai,Bike,2025-02-13
D01354,Mumbai,Bicycle,2025-12-09
D01355,Hyderabad,Scooter,2025-05-07
D01356,Chennai,Bike,2024-06-30
D01357,Delhi,Bike,2024-01-05
D01358,Bangalore,Scooter,2024-01-24
D01359,Ahmedabad,Bike,2025-10-09
D01360,Pune,Bike,2024-08-23
D01361,Pune,Scooter,2024-11-17
D01362,Delhi,Bike,2024-10-20
D01363,Ahmedabad,Bike,2024-03-08
D01364,Delhi,Scooter,2024-01-03
D01365,Bangalore,Scooter,2025-07-07
D01366,Delhi,Bike,2025-06-03
D01367,Chennai,Bicycle,2024-06-20
D01368,Delhi,Scooter,2024-04-04
D01369,Delhi,Scooter,2025-01-28
D01370,Hyderabad,Bike,2024-03-03
D01371,Pune,Scooter,2024-08-09
D01372,Bangalore,Scooter,2025-07-01
D01373,Pune,Scooter,2024-05-12
D01374,Mumbai,Scooter,2025-08-10
D01375,Mumbai,Bike,2025-11-04
D01376,Bangalore,Bike,2024-05-20
D01377,Ahmedabad,Scooter,2025-05-22
D01378,Pune,Bike,2025-08-08
D01379,Bangalore,Scooter,2025-01-30
D01380,Mumbai,Scooter,2024-08-14
D01381,Bangalore,Bike,2026-01-19
D01382,Hyderabad,Bicycle,2024-08-22
D01383,Pune,Scooter,2024-07-07
D01384,Bangalore,Scooter,2024-04-03
D01385,Ahmedabad,Scooter,2025-11-21
D01386,Mumbai,Scooter,2024-06-21
D01387,Delhi,Bike,2024-04-11
D01388,Bangalore,Scooter,2024-01-30
D01389,Bangalore,Bike,2024-08-09
D01390,Kolkata,Scooter,2025-05-27
D01391,Hyderabad,Bike,2025-06-04
D01392,Chennai,Scooter,2025-10-10
D01393,Delhi,Bike,2025-05-24
D01394,Delhi,Bike,2024-02-06
D01395,Mumbai,Scooter,2025-10-04
D01396,Mumbai,Bike,2024-07-13
D01397,Bangalore,Bike,2025-12-30
D01398,Bangalore,Scooter,2024-09-20
D01399,Ahmedabad,Bike,2024-01-13
D01400,Pune,Bike,2024-10-26
D01401,Bangalore,Bike,2024-12-09
D01402,Chennai,Bicycle,2025-09-20
D01403,Mumbai,Bike,2025-02-24
D01404,Chennai,Bike,2024-02-02
D01405,Ahmedabad,Bicycle,2024-02-06
D01406,Bangalore,Scooter,2025-04-12
D01407,Ahmedabad,Scooter,2024-03-04
D01408,Bangalore,Bike,2025-02-09
D01409,Delhi,Scooter,2025-11-14
D01410,Pune,Bicycle,2025-09-30
D01411,Pune,Bicycle,2025-04-26
D01412,Bangalore,Scooter,2024-08-21
D01413,Bangalore,Scooter,2025-01-27
D01414,Delhi,Scooter,2024-03-18
D01415,Delhi,Scooter,2025-07-17
D01416,Delhi,Scooter,2024-04-09
D01417,Bangalore,Bike,2024-02-09
D01418,Ahmedabad,Scooter,2025-04-25
D01419,Chennai,Bike,2025-03-12
D01420,Ahmedabad,Bike,2025-02-19
D01421,Bangalore,Bike,2024-12-28
D01422,Bangalore,Bike,2025-03-27
D01423,Hyderabad,Bike,2024-12-01
D01424,Pune,Bike,2024-04-14
D01425,Pune,Scooter,2025-03-10
D01426,Bangalore,Bicycle,2024-02-02
D01427,Kolkata,Bike,2024-02-18
D01428,Hyderabad,Bike,2025-03-07
D01429,Mumbai,Bike,2025-06-20
D01430,Hyderabad,Scooter,2024-03-02
D01431,Bangalore,Bike,2024-10-13
D01432,Delhi,Bike,2025-12-09
D01433,Ahmedabad,Bike,2025-08-18
D01434,Hyderabad,Bike,2025-09-04
D01435,Bangalore,Scooter,2025-05-15
D01436,Delhi,Scooter,2024-05-17
D01437,Delhi,Bike,2024-10-22
D01438,Ahmedabad,Bike,2025-03-31
D01439,Chennai,Scooter,2025-05-22
D01440,Hyderabad,Bicycle,2024-04-10
D01441,Ahmedabad,Scooter,2026-01-09
D01442,Mumbai,Scooter,2025-12-14
D01443,Kolkata,Bicycle,2024-01-28
D01444,Mumbai,Bike,2025-03-25
D01445,Kolkata,Bike,2024-04-19
D01446,Kolkata,Scooter,2024-08-30
D01447,Mumbai,Bike,2025-11-06
D01448,Bangalore,Bike,2025-06-02
D01449,Delhi,Scooter,2024-09-25
D01450,Delhi,Scooter,2024-01-02
D01451,Delhi,Bike,2025-09-29
D01452,Mumbai,Bike,2024-08-07
D01453,Hyderabad,Bike,2025-04-06
D01454,Bangalore,Bike,2024-06-27
D01455,Kolkata,Bike,2025-08-24
D01456,Bangalore,Bike,2024-09-20
D01457,Bangalore,Bicycle,2025-07-17
D01458,Bangalore,Bike,2024-03-06
D01459,Ahmedabad,Scooter,2025-04-14
D01460,Mumbai,Bicycle,2026-01-07
D01461,Delhi,Bike,2024-12-26
D01462,Bangalore,Bike,2024-12-22
D01463,Mumbai,Scooter,2025-06-06
D01464,Ahmedabad,Bike,2025-10-14
D01465,Hyderabad,Bike,2025-09-10
D01466,Mumbai,Bike,2024-02-15
D01467,Mumbai,Scooter,2024-08-13
D01468,Bangalore,Scooter,2025-10-05
D01469,Hyderabad,Scooter,2026-01-12
D01470,Mumbai,Bike,2025-05-12
D01471,Chennai,Scooter,2024-01-04
D01472,Delhi,Scooter,2025-06-01
D01473,Bangalore,Scooter,2025-12-22
D01474,Hyderabad,Bicycle,2025-09-06
D01475,Chennai,Bike,2025-07-05
D01476,Hyderabad,Bike,2025-02-04
D01477,Chennai,Bike,2025-11-18
D01478,Kolkata,Scooter,2025-04-28
D01479,Ahmedabad,Bicycle,2025-01-24
D01480,Mumbai,Bike,2025-11-16
D01481,Kolkata,Bike,2024-01-03
D01482,Pune,Bicycle,2024-04-05
D01483,Pune,Bike,2025-10-03
D01484,Hyderabad,Scooter,2024-02-12
D01485,Bangalore,Bicycle,2025-11-15
D01486,Hyderabad,Scooter,2026-01-18
D01487,Chennai,Bike,2024-07-17
D01488,Ahmedabad,Scooter,2025-11-02
D01489,Mumbai,Bike,2025-02-20
D01490,Ahmedabad,Bike,2025-01-26
D01491,Bangalore,Bike,2025-12-04
D01492,Ahmedabad,Bike,2025-08-17
D01493,Hyderabad,Bicycle,2025-11-08
D01494,Pune,Scooter,2025-11-03
D01495,Hyderabad,Bike,2025-07-07
D01496,Ahmedabad,Scooter,2024-12-21
D01497,Bangalore,Scooter,2024-05-21
D01498,Mumbai,Bike,2024-03-15
D01499,Kolkata,Bike,2024-07-11
D01500,Bangalore,Bike,2025-01-01
D01501,Hyderabad,Scooter,2024-04-14
D01502,Hyderabad,Bike,2024-09-24
D01503,Chennai,Scooter,2025-08-28
D01504,Ahmedabad,Scooter,2024-01-18
D01505,Delhi,Bike,2024-08-22
D01506,Pune,Bike,2025-12-31
D01507,Hyderabad,Bike,2024-09-04
D01508,Pune,Bike,2025-06-29
D01509,Delhi,Bike,2025-04-09
D01510,Delhi,Scooter,2025-08-21
D01511,Hyderabad,Bike,2025-07-09
D01512,Bangalore,Bike,2025-03-30
D01513,Pune,Bike,2026-01-10
D01514,Bangalore,Bike,2024-07-24
D01515,Ahmedabad,Bicycle,2024-08-01
D01516,Kolkata,Bike,2025-03-21
D01517,Pune,Bike,2025-06-28
D01518,Kolkata,Scooter,2025-06-02
D01519,Ahmedabad,Bike,2025-12-29
D01520,Chennai,Bike,2025-03-31
D01521,Pune,Scooter,2025-08-03
D01522,Mumbai,Scooter,2024-04-06
D01523,Chennai,Scooter,2024-01-30
D01524,Pune,Bike,2025-09-11
D01525,Mumbai,Bike,2024-12-06
D01526,Hyderabad,Bike,2024-08-14
D01527,Delhi,Bike,2025-07-25
D01528,Chennai,Bicycle,2024-10-29
D01529,Kolkata,Bike,2024-01-23
D01530,Bangalore,Bike,2025-02-23
D01531,Bangalore,Bike,2024-04-05
D01532,Ahmedabad,Bike,2026-01-14
D01533,Bangalore,Bike,2024-09-07
D01534,Chennai,Bike,2024-08-26
D01535,Hyderabad,Scooter,2025-10-04
D01536,Hyderabad,Bike,2024-02-01
D01537,Bangalore,Bike,2025-05-31
D01538,Bangalore,Scooter,2026-01-11
D01539,Hyderabad,Bike,2024-01-23
D01540,Mumbai,Bike,2025-12-30
D01541,Chennai,Bike,2025-04-15
D01542,Ahmedabad,Scooter,2024-05-31
D01543,Chennai,Bike,2025-10-11
D01544,Mumbai,Bike,2025-09-23
D01545,Hyderabad,Scooter,2026-01-18
D01546,Bangalore,Bike,2025-12-01
D01547,Pune,Scooter,2025-04-10
D01548,Mumbai,Bike,2024-01-10
D01549,Kolkata,Bike,2025-07-23
D01550,Pune,Bicycle,2025-07-29
D01551,Bangalore,Scooter,2025-08-11
D01552,Mumbai,Bike,2024-05-17
D01553,Pune,Scooter,2025-07-13
D01554,Kolkata,Bike,2025-09-22
D01555,Mumbai,Bike,2024-02-27
D01556,Pune,Bike,2024-01-16
D01557,Bangalore,Bike,2024-03-04
D01558,Kolkata,Bike,2025-06-10
D01559,Hyderabad,Scooter,2024-08-17
D01560,Chennai,Bike,2025-09-14
D01561,Mumbai,Bicycle,2025-12-30
D01562,Ahmedabad,Bike,2024-01-28
D01563,Chennai,Bike,2025-07-16
D01564,Bangalore,Scooter,2025-07-30
D01565,Hyderabad,Bike,2024-02-27
D01566,Delhi,Bike,2024-03-31
D01567,Kolkata,Bike,2025-09-05
D01568,Chennai,Bike,2024-03-01
D01569,Hyderabad,Bike,2024-05-31
D01570,Delhi,Scooter,2025-12-02
D01571,Kolkata,Bike,2025-07-08
D01572,Kolkata,Bike,2025-12-04
D01573,Hyderabad,Bike,2024-07-27
D01574,Pune,Bike,2025-07-18
D01575,Delhi,Bicycle,2025-04-09
D01576,Mumbai,Scooter,2025-11-09
D01577,Ahmedabad,Bike,2024-06-21
D01578,Chennai,Bike,2024-01-13
D01579,Bangalore,Bike,2024-10-31
D01580,Mumbai,Bike,2025-01-24
D01581,Mumbai,Bicycle,2025-03-13
D01582,Delhi,Bike,2025-10-26
D01583,Ahmedabad,Scooter,2025-06-06
D01584,Bangalore,Scooter,2025-11-11
D01585,Delhi,Scooter,2025-07-10
D01586,Kolkata,Bike,2024-10-06
D01587,Bangalore,Bike,2025-09-14
D01588,Mumbai,Scooter,2024-09-04
D01589,Pune,Scooter,2025-09-11
D01590,Delhi,Bike,2025-06-17
D01591,Mumbai,Bike,2024-06-17
D01592,Hyderabad,Bike,2024-02-15
D01593,Ahmedabad,Bike,2025-11-06
D01594,Kolkata,Bike,2025-08-17
D01595,Bangalore,Bike,2024-02-08
D01596,Hyderabad,Scooter,2024-07-09
D01597,Pune,Scooter,2025-01-02
D01598,Delhi,Scooter,2025-02-01
D01599,Delhi,Scooter,2024-10-14
D01600,Hyderabad,Scooter,2024-05-26
D01601,Mumbai,Bike,2025-05-23
D01602,Kolkata,Scooter,2025-07-13
D01603,Bangalore,Bike,2025-05-02
D01604,Bangalore,Bicycle,2025-12-29
D01605,Kolkata,Bike,2024-10-26
D01606,Kolkata,Scooter,2025-02-16
D01607,Mumbai,Bike,2024-08-29
D01608,Chennai,Bike,2025-12-25
D01609,Kolkata,Bike,2024-11-15
D01610,Delhi,Bike,2024-11-02
D01611,Pune,Scooter,2025-07-20
D01612,Chennai,Bike,2024-08-06
D01613,Mumbai,Bike,2024-10-04
D01614,Ahmedabad,Scooter,2025-10-01
D01615,Ahmedabad,Scooter,2024-01-17
D01616,Hyderabad,Scooter,2024-01-29
D01617,Bangalore,Bike,2025-10-22
D01618,Ahmedabad,Bike,2024-08-02
D01619,Hyderabad,Bike,2025-08-17
D01620,Bangalore,Scooter,2025-06-10
D01621,Chennai,Scooter,2024-06-01
D01622,Pune,Scooter,2024-05-23
D01623,Bangalore,Scooter,2026-01-19
D01624,Delhi,Bike,2025-11-09
D01625,Kolkata,Bike,2024-07-14
D01626,Ahmedabad,Scooter,2025-01-02
D01627,Mumbai,Bike,2025-10-19
D01628,Bangalore,Scooter,2024-07-06
D01629,Mumbai,Scooter,2025-05-19
D01630,Hyderabad,Bike,2024-10-09
D01631,Delhi,Scooter,2025-11-03
D01632,Pune,Bike,2024-08-04
D01633,Bangalore,Bike,2024-11-26
D01634,Chennai,Bike,2025-06-18
D01635,Kolkata,Bike,2025-05-26
D01636,Chennai,Scooter,2024-03-24
D01637,Delhi,Bike,2024-03-07
D01638,Pune,Bike,2025-10-12
D01639,Mumbai,Bike,2025-08-03
D01640,Mumbai,Scooter,2024-04-23
D01641,Pune,Bike,2025-05-09
D01642,Kolkata,Scooter,2024-08-03
D01643,Kolkata,Bike,2024-11-05
D01644,Delhi,Scooter,2025-04-22
D01645,Pune,Bike,2025-05-01
D01646,Delhi,Bike,2024-09-26
D01647,Pune,Bike,2025-09-25
D01648,Mumbai,Scooter,2025-01-23
D01649,Chennai,Bicycle,2025-09-11
D01650,Ahmedabad,Bicycle,2025-03-09
D01651,Delhi,Bike,2024-09-28
D01652,Kolkata,Scooter,2024-07-16
D01653,Chennai,Scooter,2024-01-10
D01654,Hyderabad,Bike,2025-02-11
D01655,Hyderabad,Bike,2025-02-27
D01656,Delhi,Scooter,2025-12-16
D01657,Delhi,Bicycle,2024-07-17
D01658,Bangalore,Bike,2024-01-02
D01659,Pune,Bike,2025-11-12
D01660,Delhi,Bike,2025-03-30
D01661,Hyderabad,Bike,2024-02-07
D01662,Kolkata,Bike,2024-08-31
D01663,Pune,Bike,2026-01-09
D01664,Bangalore,Bike,2025-10-18
D01665,Chennai,Scooter,2025-02-25
D01666,Delhi,Bike,2024-03-14
D01667,Chennai,Scooter,2025-05-10
D01668,Bangalore,Scooter,2024-02-16
D01669,Bangalore,Scooter,2024-10-25
D01670,Ahmedabad,Bike,2024-11-04
D01671,Delhi,Bicycle,2025-08-14
D01672,Bangalore,Bike,2025-05-28
D01673,Delhi,Bike,2024-12-30
D01674,Mumbai,Bike,2024-01-05
D01675,Kolkata,Scooter,2024-01-14
D01676,Bangalore,Bike,2025-09-10
D01677,Bangalore,Bike,2025-05-11
D01678,Kolkata,Scooter,2024-09-13
D01679,Delhi,Scooter,2025-07-25
D01680,Bangalore,Scooter,2025-12-02
D01681,Bangalore,Bike,2024-01-11
D01682,Kolkata,Scooter,2025-11-21
D01683,Hyderabad,Bike,2024-07-07
D01684,Pune,Bike,2025-08-05
D01685,Pune,Bike,2025-03-25
D01686,Hyderabad,Bike,2025-07-15
D01687,Chennai,Bike,2024-03-30
D01688,Kolkata,Bike,2025-04-02
D01689,Pune,Bike,2026-01-06
D01690,Kolkata,Bike,2025-08-28
D01691,Bangalore,Bike,2025-08-31
D01692,Hyderabad,Bike,2024-05-15
D01693,Hyderabad,Scooter,2024-07-29
D01694,Delhi,Bike,2025-09-14
D01695,Bangalore,Scooter,2024-11-03
D01696,Bangalore,Bike,2025-03-06
D01697,Delhi,Bike,2024-05-07
D01698,Kolkata,Bike,2025-08-18
D01699,Bangalore,Bike,2024-12-05
D01700,Hyderabad,Scooter,2025-01-11
D01701,Bangalore,Bike,2025-12-26
D01702,Hyderabad,Bicycle,2025-04-25
D01703,Delhi,Scooter,2024-12-01
D01704,Bangalore,Bike,2024-09-17
D01705,Mumbai,Bicycle,2025-04-03
D01706,Delhi,Bike,2024-11-19
D01707,Mumbai,Scooter,2024-06-21
D01708,Pune,Bike,2024-10-04
D01709,Ahmedabad,Bike,2024-08-06
D01710,Pune,Bike,2025-07-18
D01711,Hyderabad,Scooter,2025-01-17
D01712,Hyderabad,Bike,2024-06-01
D01713,Mumbai,Scooter,2024-04-24
D01714,Hyderabad,Bicycle,2025-12-10
D01715,Hyderabad,Bike,2025-11-08
D01716,Hyderabad,Bicycle,2025-09-23
D01717,Chennai,Bike,2025-07-14
D01718,Mumbai,Scooter,2025-10-18
D01719,Bangalore,Bike,2025-05-08
D01720,Pune,Scooter,2025-11-27
D01721,Chennai,Scooter,2025-11-30
D01722,Chennai,Bike,2024-11-28
D01723,Delhi,Scooter,2024-07-08
D01724,Pune,Bicycle,2025-11-10
D01725,Ahmedabad,Scooter,2025-09-21
D01726,Bangalore,Bicycle,2024-12-04
D01727,Hyderabad,Scooter,2025-11-23
D01728,Delhi,Bike,2024-03-18
D01729,Chennai,Scooter,2025-09-17
D01730,Delhi,Scooter,2024-02-07
D01731,Chennai,Bike,2024-03-19
D01732,Bangalore,Bike,2024-02-18
D01733,Bangalore,Bike,2024-03-01
D01734,Bangalore,Scooter,2024-05-23
D01735,Delhi,Scooter,2024-10-02
D01736,Kolkata,Scooter,2024-10-01
D01737,Bangalore,Bike,2024-11-16
D01738,Bangalore,Bike,2026-01-16
D01739,Kolkata,Bike,2025-01-24
D01740,Mumbai,Scooter,2024-07-02
D01741,Hyderabad,Scooter,2024-04-14
D01742,Bangalore,Scooter,2025-11-26
D01743,Kolkata,Bike,2024-07-29
D01744,Hyderabad,Scooter,2025-09-09
D01745,Bangalore,Scooter,2025-08-24
D01746,Pune,Bicycle,2025-10-18
D01747,Mumbai,Scooter,2024-04-21
D01748,Mumbai,Bike,2025-08-20
D01749,Mumbai,Scooter,2025-08-19
D01750,Hyderabad,Bike,2026-01-11
D01751,Pune,Scooter,2025-06-23
D01752,Bangalore,Scooter,2024-04-01
D01753,Chennai,Scooter,2024-12-15
D01754,Bangalore,Bike,2024-12-30
D01755,Pune,Scooter,2024-12-26
D01756,Delhi,Bike,2024-09-18
D01757,Mumbai,Scooter,2025-09-02
D01758,Hyderabad,Bicycle,2024-08-04
D01759,Pune,Bike,2024-12-04
D01760,Chennai,Scooter,2024-12-06
D01761,Hyderabad,Scooter,2025-05-05
D01762,Kolkata,Scooter,2025-01-01
D01763,Ahmedabad,Bike,2026-01-09
D01764,Ahmedabad,Bicycle,2026-01-21
D01765,Delhi,Bicycle,2024-12-19
D01766,Bangalore,Scooter,2024-07-20
D01767,Pune,Bike,2025-08-02
D01768,Delhi,Scooter,2025-11-25
D01769,Chennai,Bike,2025-11-06
D01770,Bangalore,Scooter,2024-05-07
D01771,Chennai,Bike,2024-02-10
D01772,Bangalore,Bike,2025-05-21
D01773,Kolkata,Bike,2024-08-16
D01774,Pune,Scooter,2024-08-20
D01775,Bangalore,Scooter,2024-01-23
D01776,Hyderabad,Scooter,2026-01-01
D01777,Hyderabad,Bike,2024-01-02
D01778,Kolkata,Bike,2025-04-28
D01779,Hyderabad,Bike,2025-12-06
D01780,Hyderabad,Scooter,2024-02-18
D01781,Delhi,Bike,2025-04-14
D01782,Chennai,Scooter,2025-12-04
D01783,Bangalore,Bike,2024-11-09
D01784,Ahmedabad,Bicycle,2024-08-11
D01785,Hyderabad,Bike,2025-06-20
D01786,Kolkata,Bike,2025-12-07
D01787,Chennai,Bike,2025-03-01
D01788,Delhi,Bike,2024-01-11
D01789,Delhi,Bike,2025-06-05
D01790,Delhi,Scooter,2024-06-15
D01791,Delhi,Scooter,2026-01-23
D01792,Bangalore,Bike,2024-07-31
D01793,Kolkata,Scooter,2025-04-30
D01794,Hyderabad,Bike,2025-06-08
D01795,Hyderabad,Scooter,2024-12-05
D01796,Hyderabad,Bike,2025-08-31
D01797,Bangalore,Bike,2025-11-13
D01798,Mumbai,Scooter,2025-04-25
D01799,Delhi,Bike,2025-07-28
D01800,Kolkata,Bike,2024-02-17
D01801,Pune,Scooter,2024-07-03
D01802,Bangalore,Scooter,2024-11-26
D01803,Pune,Scooter,2024-04-09
D01804,Hyderabad,Scooter,2025-01-11
D01805,Bangalore,Bike,2024-02-25
D01806,Bangalore,Scooter,2024-09-30
D01807,Bangalore,Scooter,2024-02-16
D01808,Chennai,Bike,2024-11-15
D01809,Kolkata,Bike,2024-11-05
D01810,Hyderabad,Scooter,2025-01-02
D01811,Bangalore,Scooter,2026-01-24
D01812,Delhi,Bike,2025-02-26
D01813,Mumbai,Scooter,2024-04-22
D01814,Delhi,Bike,2025-04-25
D01815,Hyderabad,Bike,2026-01-16
D01816,Bangalore,Scooter,2024-06-09
D01817,Bangalore,Bike,2024-03-02
D01818,Hyderabad,Bike,2025-11-18
D01819,Delhi,Scooter,2024-05-11
D01820,Pune,Bike,2025-09-22
D01821,Chennai,Scooter,2024-11-22
D01822,Pune,Bicycle,2025-08-22
D01823,Ahmedabad,Scooter,2025-06-26
D01824,Pune,Scooter,2025-09-06
D01825,Chennai,Bicycle,2025-08-02
D01826,Pune,Scooter,2025-02-04
D01827,Chennai,Scooter,2024-07-05
D01828,Mumbai,Bike,2025-12-27
D01829,Mumbai,Scooter,2024-05-23
D01830,Delhi,Bike,2024-10-05
D01831,Hyderabad,Bike,2024-08-02
D01832,Mumbai,Scooter,2024-11-16
D01833,Ahmedabad,Bike,2024-07-09
D01834,Hyderabad,Bike,2025-09-14
D01835,Delhi,Scooter,2024-11-29
D01836,Hyderabad,Bike,2025-10-24
D01837,Chennai,Scooter,2024-01-24
D01838,Chennai,Bicycle,2024-12-08
D01839,Pune,Scooter,2025-03-21
D01840,Bangalore,Bike,2025-10-08
D01841,Kolkata,Scooter,2025-07-10
D01842,Kolkata,Bike,2025-04-27
D01843,Kolkata,Scooter,2025-10-05
D01844,Pune,Bike,2024-10-22
D01845,Bangalore,Bike,2025-12-29
D01846,Ahmedabad,Bike,2025-11-20
D01847,Bangalore,Bicycle,2025-11-23
D01848,Bangalore,Bike,2025-01-18
D01849,Pune,Bike,2024-03-12
D01850,Mumbai,Bike,2025-10-09
D01851,Chennai,Bike,2024-11-13
D01852,Pune,Bicycle,2025-09-11
D01853,Bangalore,Bike,2024-02-12
D01854,Pune,Bike,2024-03-14
D01855,Kolkata,Bike,2024-09-22
D01856,Kolkata,Scooter,2025-10-25
D01857,Bangalore,Scooter,2024-01-24
D01858,Mumbai,Scooter,2024-05-03
D01859,Bangalore,Scooter,2025-01-12
D01860,Chennai,Bike,2025-09-12
D01861,Pune,Bicycle,2024-04-28
D01862,Hyderabad,Scooter,2025-07-29
D01863,Delhi,Scooter,2025-01-07
D01864,Chennai,Bike,2025-07-15
D01865,Chennai,Scooter,2025-06-30
D01866,Hyderabad,Scooter,2025-12-02
D01867,Bangalore,Bike,2024-02-14
D01868,Mumbai,Bike,2025-04-02
D01869,Kolkata,Scooter,2024-12-13
D01870,Hyderabad,Scooter,2024-09-15
D01871,Chennai,Bike,2025-07-18
D01872,Delhi,Bicycle,2025-03-28
D01873,Mumbai,Bike,2024-12-04
D01874,Bangalore,Bike,2025-06-14
D01875,Mumbai,Bike,2025-03-13
D01876,Bangalore,Scooter,2024-10-04
D01877,Hyderabad,Bike,2024-09-12
D01878,Mumbai,Scooter,2024-07-12
D01879,Kolkata,Bike,2024-08-14
D01880,Mumbai,Bike,2025-01-08
D01881,Delhi,Bike,2024-05-17
D01882,Bangalore,Bike,2025-11-15
D01883,Delhi,Bike,2025-03-19
D01884,Pune,Bike,2025-04-25
D01885,Pune,Bike,2025-03-13
D01886,Pune,Bike,2025-11-14
D01887,Kolkata,Bicycle,2025-09-16
D01888,Delhi,Scooter,2024-12-28
D01889,Mumbai,Bike,2024-09-19
D01890,Bangalore,Bike,2025-12-22
D01891,Delhi,Bike,2025-04-02
D01892,Mumbai,Bike,2025-08-26
D01893,Pune,Bike,2024-04-16
D01894,Kolkata,Bicycle,2024-09-27
D01895,Delhi,Bike,2024-07-20
D01896,Mumbai,Scooter,2024-12-07
D01897,Kolkata,Scooter,2025-01-18
D01898,Chennai,Bike,2026-01-30
D01899,Pune,Bike,2024-03-21
D01900,Mumbai,Bike,2025-12-27
D01901,Mumbai,Scooter,2025-09-10
D01902,Chennai,Scooter,2024-11-08
D01903,Bangalore,Bike,2024-08-02
D01904,Hyderabad,Bike,2025-09-27
D01905,Bangalore,Bike,2024-04-13
D01906,Pune,Bike,2025-11-24
D01907,Hyderabad,Scooter,2025-12-19
D01908,Bangalore,Bike,2024-07-10
D01909,Mumbai,Bike,2025-03-03
D01910,Delhi,Scooter,2025-01-29
D01911,Chennai,Bike,2025-08-07
D01912,Ahmedabad,Bike,2025-07-30
D01913,Delhi,Bike,2026-01-28
D01914,Bangalore,Scooter,2024-02-28
D01915,Kolkata,Bicycle,2025-09-15
D01916,Kolkata,Scooter,2025-09-05
D01917,Chennai,Scooter,2025-07-18
D01918,Mumbai,Scooter,2024-06-09
D01919,Bangalore,Scooter,2025-07-20
D01920,Ahmedabad,Bike,2024-12-30
D01921,Hyderabad,Bike,2024-07-31
D01922,Mumbai,Bike,2024-10-12
D01923,Chennai,Bike,2024-11-11
D01924,Pune,Bicycle,2025-07-18
D01925,Bangalore,Scooter,2024-06-01
D01926,Ahmedabad,Bicycle,2024-06-26
D01927,Hyderabad,Bike,2024-10-09
D01928,Delhi,Bike,2024-12-21
D01929,Bangalore,Bicycle,2025-12-22
D01930,Hyderabad,Bike,2024-07-21
D01931,Hyderabad,Bike,2025-11-21
D01932,Bangalore,Bike,2024-02-11
D01933,Hyderabad,Scooter,2025-01-24
D01934,Mumbai,Bike,2025-10-04
D01935,Mumbai,Bicycle,2024-08-24
D01936,Ahmedabad,Bike,2024-06-20
D01937,Delhi,Bike,2025-04-06
D01938,Kolkata,Scooter,2024-06-26
D01939,Mumbai,Bike,2024-01-12
D01940,Bangalore,Bike,2024-02-05
D01941,Bangalore,Scooter,2024-12-30
D01942,Ahmedabad,Bike,2025-01-18
D01943,Bangalore,Bike,2024-01-20
D01944,Delhi,Bike,2024-07-23
D01945,Mumbai,Bike,2025-07-30
D01946,Pune,Bike,2025-03-06
D01947,Mumbai,Scooter,2025-04-11
D01948,Bangalore,Scooter,2025-07-05
D01949,Hyderabad,Bike,2025-11-19
D01950,Kolkata,Bike,2024-02-04
D01951,Kolkata,Scooter,2025-01-02
D01952,Ahmedabad,Scooter,2024-06-01
D01953,Mumbai,Bike,2025-05-23
D01954,Bangalore,Scooter,2024-10-24
D01955,Bangalore,Bike,2024-04-27
D01956,Kolkata,Bike,2025-11-01
D01957,Chennai,Bike,2025-01-28
D01958,Pune,Bicycle,2024-03-24
D01959,Hyderabad,Bike,2024-06-20
D01960,Mumbai,Scooter,2025-07-20
D01961,Hyderabad,Bike,2024-12-24
D01962,Mumbai,Bike,2025-12-27
D01963,Mumbai,Bike,2024-02-08
D01964,Delhi,Bike,2024-02-29
D01965,Bangalore,Scooter,2025-06-09
D01966,Delhi,Scooter,2024-09-10
D01967,Ahmedabad,Bike,2025-10-28
D01968,Ahmedabad,Bike,2025-08-09
D01969,Chennai,Bike,2024-01-18
D01970,Kolkata,Scooter,2025-12-13
D01971,Bangalore,Bike,2025-12-27
D01972,Bangalore,Scooter,2024-07-07
D01973,Bangalore,Bike,2025-04-11
D01974,Bangalore,Bike,2025-05-04
D01975,Chennai,Scooter,2024-01-29
D01976,Bangalore,Scooter,2025-07-11
D01977,Ahmedabad,Bike,2026-01-07
D01978,Pune,Bike,2024-11-03
D01979,Bangalore,Bike,2026-01-21
D01980,Chennai,Bike,2025-05-25
D01981,Kolkata,Scooter,2025-07-14
D01982,Hyderabad,Scooter,2025-02-22
D01983,Bangalore,Bike,2025-06-10
D01984,Mumbai,Bike,2025-12-15
D01985,Hyderabad,Scooter,2025-03-25
D01986,Chennai,Scooter,2025-02-14
D01987,Delhi,Scooter,2024-05-09
D01988,Kolkata,Scooter,2025-01-28
D01989,Delhi,Bike,2025-10-20
D01990,Ahmedabad,Scooter,2025-05-25
D01991,Bangalore,Bike,2025-06-29
D01992,Kolkata,Scooter,2024-04-26
D01993,Bangalore,Bike,2025-10-07
D01994,Chennai,Scooter,2025-02-08
D01995,Kolkata,Bike,2024-12-13
D01996,Delhi,Bike,2024-02-08
D01997,Bangalore,Bike,2025-11-11
D01998,Ahmedabad,Scooter,2025-04-22
D01999,Ahmedabad,Scooter,2024-08-25
D02000,Chennai,Bike,2025-02-11
